web-scraper-order,web-scraper-start-url,Pagination,user,date,review
1650616719-269,https://www.klook.com/id/activity/20143-liho-tea-singapore/?spm=SearchResult.SearchResult_LIST&clickId=402e2c0719,,I Made,21 Des 2019,"Cara penukarannya sangat mudah, tinggal tunjukan saja barcode nya, pesanan jadi. Rasanya enak, tidak terlalu manis, pas diminum saat siang hari."
1650616719-270,https://www.klook.com/id/activity/20143-liho-tea-singapore/?spm=SearchResult.SearchResult_LIST&clickId=402e2c0719,,OCTHESYA,25-Jan-20,must have this in SG. enaaaak. tp gak gt suka pearl nya hd minta tanpa pearl. nyummmyyy.
1650616719-271,https://www.klook.com/id/activity/20143-liho-tea-singapore/?spm=SearchResult.SearchResult_LIST&clickId=402e2c0719,,Weldi,16 Des 2019,"Keren, cara tukarnya gampang bgt, Saya nukarnya di vivo city,."
1650616719-272,https://www.klook.com/id/activity/20143-liho-tea-singapore/?spm=SearchResult.SearchResult_LIST&clickId=402e2c0719,,Laura Carolina,13 Des 2019,Enaaaaaakkkkkkkkkkkkkkkkkkk.. bikin ketagihan.....
1650616719-273,https://www.klook.com/id/activity/20143-liho-tea-singapore/?spm=SearchResult.SearchResult_LIST&clickId=402e2c0719,,Mersiska,6-Feb-20,"liho tea tidak pernah mengecewakan 🥰🥰 aku paling suka liho tea kalau di singapore, karna tidak terlalu manis dan rasa teh nya juga berbeda.. lebih murah pakai klook, thanks klook!"
1650616719-274,https://www.klook.com/id/activity/20143-liho-tea-singapore/?spm=SearchResult.SearchResult_LIST&clickId=402e2c0719,,Mersiska,6-Feb-20,"liho tea tidak pernah mengecewakan🥰🥰🥰 rasanya enak dan juga lebuh murah beli di klook, this is ma fav bbt! thanks klook🥰🥰"
1650616719-275,https://www.klook.com/id/activity/20143-liho-tea-singapore/?spm=SearchResult.SearchResult_LIST&clickId=402e2c0719,,Mersiska,6-Feb-20,"liho tea tidak pernah mengecewakan🥰🥰🥰 rasanya enak dan juga lebuh murah beli di klook, this is ma fav bbt! thanks klook🥰🥰"
1650616719-276,https://www.klook.com/id/activity/20143-liho-tea-singapore/?spm=SearchResult.SearchResult_LIST&clickId=402e2c0719,,Mersiska,6-Jan-20,liho tea memang tidak pernah mengecewakan bubblenya enak sekali dan rasa milk tea nya pun enak ♥️♥️♥️♥️♥️♥️♥️ thankyou klook ♥️♥️♥️
1650616719-277,https://www.klook.com/id/activity/20143-liho-tea-singapore/?spm=SearchResult.SearchResult_LIST&clickId=402e2c0719,,ayu wulan,3-Feb-20,Voucher yang harus dibeli kalau k SG sangat menghemat . Serius ini murah dan lokasi penukaran cabang sangat strategis di tempat atraksi terkenal
1650616719-278,https://www.klook.com/id/activity/20143-liho-tea-singapore/?spm=SearchResult.SearchResult_LIST&clickId=402e2c0719,,ayu wulan,3-Feb-20,"Teh enak lokasi penukaran di berbagai point tempat jalan2 , jadi murah banget karna beli d klook, thank you 🙏 klook
                                            Recomended!!!!"
1650616719-279,https://www.klook.com/id/activity/20143-liho-tea-singapore/?spm=SearchResult.SearchResult_LIST&clickId=402e2c0719,,Mei Lee,7-Jan-21,Sangat mudah untuk menebus voucher ini. Pasti akan menggunakan aplikasi ini klook lagi untuk memesan di masa depan
1650616719-280,https://www.klook.com/id/activity/20143-liho-tea-singapore/?spm=SearchResult.SearchResult_LIST&clickId=402e2c0719,,Benson Tan Wen Jing,13-Jan-21,"Ya, saya mencoba rasanya yang enak, rasanya sangat hemat biaya dan nyaman, jadi saya menggunakan klook untuk membeli teh susu setiap saat. Sangat nyaman dan nyaman. Pembayaran WeChat juga nyaman. Anda juga bisa mendapatkan poin untuk komentar dan kemudian menggunakan poin untuk membeli teh susu. Juga ️ diskon. Cepat, nyaman dan hemat biaya. Sangat merekomendasikan rekomendasi."
1650616719-281,https://www.klook.com/id/activity/20143-liho-tea-singapore/?spm=SearchResult.SearchResult_LIST&clickId=402e2c0719,,Meeseng,27-Feb-21,Saya suka minum teh susu liho. Ini selalu membuatku bahagia. Dapat menyesuaikan tingkat gula berapa banyak es yang Anda inginkan. Mereka selalu dapat memberikan apa yang saya butuhkan.
1650616719-282,https://www.klook.com/id/activity/20143-liho-tea-singapore/?spm=SearchResult.SearchResult_LIST&clickId=402e2c0719,,Kwang Hoe,30-Mar-21,Saya pergi ke tempat untuk memperbaiki bubble tea. Semua harga yang tercantum di atas $ 3. Aplikasi KLOOK adalah satu-satunya tempat di $ 2 +. Diskon jika Anda memiliki kredit. Sangat direkomendasikan untuk para pemburu barang murah
1650616719-283,https://www.klook.com/id/activity/20143-liho-tea-singapore/?spm=SearchResult.SearchResult_LIST&clickId=402e2c0719,,Kim Leong Vincent,6-Jan-21,"Terima kasih selanjutnya, terima kasih, terima kasih berikutnya terima kasih selanjutnya, saya sangat senang untuk kesepakatan ini terima kasih oh terima kasih berikutnya terima kasih oh terima kasih selanjutnya terima kasih selanjutnya, saya sangat senang untuk kesepakatan ini"
1650616719-284,https://www.klook.com/id/activity/20143-liho-tea-singapore/?spm=SearchResult.SearchResult_LIST&clickId=402e2c0719,,Cyn,10-Sep-20,"Mudah ditebus. Ini adalah pembelian e-voucher saya yang kedua. Cukup tambahkan $ 1 untuk upsize menjadi Large dan tambahkan $ 0,10 untuk mengubah golden pearls menjadi Black sugar pearls. Kesepakatan bagus!"
1650616719-285,https://www.klook.com/id/activity/20143-liho-tea-singapore/?spm=SearchResult.SearchResult_LIST&clickId=402e2c0719,,Meeseng,28-Mar-21,Saya sangat suka teh liho. Khususnya di Chinatown. Mereka sangat ramah dan imut. Selalu menunjukkan sikap ramah dan manis mereka kepada pelanggan.
1650616719-286,https://www.klook.com/id/activity/20143-liho-tea-singapore/?spm=SearchResult.SearchResult_LIST&clickId=402e2c0719,,Meeseng,4-Sep-20,Orang yang melayani saya bubble tea. Wanita itu sangat baik .. Saya sangat menghargai ketika dia melayani saya ... teh liho kecil bagus dan berharga :) Akan merekomendasikan kepada teman-teman saya
1650616719-287,https://www.klook.com/id/activity/20143-liho-tea-singapore/?spm=SearchResult.SearchResult_LIST&clickId=402e2c0719,,Diana,14 Okt 2020,Aplikasi yang cepat dan mudah digunakan untuk membayar pesanan dan mengumpulkan. Akan mengeksplorasi lebih banyak untuk orang lain
1650616719-288,https://www.klook.com/id/activity/20143-liho-tea-singapore/?spm=SearchResult.SearchResult_LIST&clickId=402e2c0719,,Zhi Kai Steven,6-Sep-20,Mudah ditebus. Hanya perlu menunjukkan voucher kepada staf untuk penukaran untuk mengambil minuman. Sangat dianjurkan!
1650616719-289,https://www.klook.com/id/activity/20143-liho-tea-singapore/?spm=SearchResult.SearchResult_LIST&clickId=402e2c0719,,Meeseng,20-Sep-20,Saya akan sangat merekomendasikan kepada teman-teman saya tentang liho. Karena saya telah mendukung begitu banyak kali dengannya ... itu sangat bagus .....
1650616719-290,https://www.klook.com/id/activity/20143-liho-tea-singapore/?spm=SearchResult.SearchResult_LIST&clickId=402e2c0719,,shi yan,30 Ags 2020,"Penebusan cepat dan bebas repot. Mencoba teh buah Singapura kali ini, Ingin mencoba minuman lain lain kali. Begitu banyak pilihan lainnya. 👍🏻"
1650616719-291,https://www.klook.com/id/activity/20143-liho-tea-singapore/?spm=SearchResult.SearchResult_LIST&clickId=402e2c0719,,Krislyn,22-Jul-20,"Jauh lebih murah daripada memesan dari toko, berhasil sekitar $ 1,90 per cangkir. Voucher muncul di aplikasi dalam waktu kurang dari satu menit. Mudah ditebus, cukup tunjukkan ponsel Anda dan tebus jumlah unit dari voucher. Terima kasih atas tawaran bagus ini! Ulangi pembelian. Akan dibeli kembali di masa depan."
1650616719-292,https://www.klook.com/id/activity/20143-liho-tea-singapore/?spm=SearchResult.SearchResult_LIST&clickId=402e2c0719,,Kwang Hoe,9-Jul-20,Salah satu getter go saya setiap kali saya perlu memperbaiki teh bubble. Tidak pernah mengecewakan. Ini adalah salah satu harga terbaik di kota (tidak termasuk penawaran dari aplikasi lain).
1650616719-293,https://www.klook.com/id/activity/20143-liho-tea-singapore/?spm=SearchResult.SearchResult_LIST&clickId=402e2c0719,,David,6-Feb-21,"Pelayanan bagus, nilai bagus. Minuman enak, sangat enak. Stafnya ramah dan akan membantu Anda menebus minuman. Semoga lebih banyak variasi rasa disertakan dalam paket diskon."
1650616719-294,https://www.klook.com/id/activity/20143-liho-tea-singapore/?spm=SearchResult.SearchResult_LIST&clickId=402e2c0719,,Meeseng,25-Mar-21,"Saya suka toko liho ini di sini. Wanita yang selalu melayani saya, saya sangat menghargai itu. Karena dia sangat ramah"
1650616719-295,https://www.klook.com/id/activity/20143-liho-tea-singapore/?spm=SearchResult.SearchResult_LIST&clickId=402e2c0719,,Chin Chin,15-Jul-20,"Mudah ditebus dan tehnya enak dan sangat bernilai uang. Saya menebus di 2 cabang berbeda satu memberi mutiara emas dan satu memberi mutiara hitam. Jadi, jika Anda lebih suka jenis mutiara, Anda mungkin ingin memeriksa dan pergi ke cabang yang memasok jenis mutiara yang Anda suka tanpa biaya tambahan."
1650616719-296,https://www.klook.com/id/activity/20143-liho-tea-singapore/?spm=SearchResult.SearchResult_LIST&clickId=402e2c0719,,KEW WAH,16 Des 2020,Saya suka teh susu liho. jangan minum terlalu banyak tanpa berolahraga. akan menjadi kelebihan berat badan seperti saya.
1650616719-297,https://www.klook.com/id/activity/20143-liho-tea-singapore/?spm=SearchResult.SearchResult_LIST&clickId=402e2c0719,,HOOI GIE,4-Nov-20,Penukaran mudah dan cepat. Dapat di-redeem 1 by 1 jika membeli lebih banyak. Tidak repot. Hargai lebih banyak promosi makanan di klook.
1650616719-298,https://www.klook.com/id/activity/20143-liho-tea-singapore/?spm=SearchResult.SearchResult_LIST&clickId=402e2c0719,,Kwang Hoe,3 Ags 2020,Teh bubble yang enak dengan harga terjangkau. Liho telah menjadi tempat gogetter saya untuk bubble tea saat ini. Saya selalu menggunakan klook untuk membeli kredit. Ada banyak Liho di Singapura sehingga Anda tidak memiliki alasan untuk tidak menemukannya.
1650616719-299,https://www.klook.com/id/activity/20143-liho-tea-singapore/?spm=SearchResult.SearchResult_LIST&clickId=402e2c0719,,Lay Ching Doreen,7-Jul-20,"minuman yang sangat lezat, Stafnya juga ramah. layak untuk dibeli. hanya perlu menambah $ 1 untuk minuman besar"
1650616719-300,https://www.klook.com/id/activity/20143-liho-tea-singapore/?spm=SearchResult.SearchResult_LIST&clickId=402e2c0719,,Elaisa Mariez,25-Jan-21,milktea singapore ❤❤❤❤❤❤💜💗❤❤❤❤❤❤❤❤❤❤❤❤❤❤❤💕💕💕💕💕💕
1650616719-301,https://www.klook.com/id/activity/20143-liho-tea-singapore/?spm=SearchResult.SearchResult_LIST&clickId=402e2c0719,,Mei Lee,21-Mar-21,Sangat mudah ditebus melalui aplikasi Klook ini. Selalu menjadi pilihan pertama saya ketika membeli bubble tea karena harganya juga jauh lebih murah
1650616719-302,https://www.klook.com/id/activity/20143-liho-tea-singapore/?spm=SearchResult.SearchResult_LIST&clickId=402e2c0719,,Meeseng,18-Apr-21,Aku lebih suka orang liho itu baik. Ramah dan baik. Nilai tenang bagi pelanggan. Akan merekomendasikan kepada orang lain
1650616719-303,https://www.klook.com/id/activity/20143-liho-tea-singapore/?spm=SearchResult.SearchResult_LIST&clickId=402e2c0719,,kathleen,16-Sep-20,Layanan hebat bebas repot 💪 ingin membelinya di platform Klook karena harganya jauh lebih murah dan Anda dapat menggunakannya di sebagian besar kios Liho.
1650616719-304,https://www.klook.com/id/activity/20143-liho-tea-singapore/?spm=SearchResult.SearchResult_LIST&clickId=402e2c0719,,I Made,21 Des 2019,"Cara penukarannya sangat mudah, tinggal tunjukan saja barcode nya, pesanan jadi. Rasanya enak, tidak terlalu manis, pas diminum saat siang hari."
1650616719-305,https://www.klook.com/id/activity/20143-liho-tea-singapore/?spm=SearchResult.SearchResult_LIST&clickId=402e2c0719,,OCTHESYA,25-Jan-20,must have this in SG. enaaaak. tp gak gt suka pearl nya hd minta tanpa pearl. nyummmyyy.
1650616719-306,https://www.klook.com/id/activity/20143-liho-tea-singapore/?spm=SearchResult.SearchResult_LIST&clickId=402e2c0719,,Weldi,16 Des 2019,"Keren, cara tukarnya gampang bgt, Saya nukarnya di vivo city,."
1650616719-307,https://www.klook.com/id/activity/20143-liho-tea-singapore/?spm=SearchResult.SearchResult_LIST&clickId=402e2c0719,,Laura Carolina,13 Des 2019,Enaaaaaakkkkkkkkkkkkkkkkkkk.. bikin ketagihan.....
1650616719-308,https://www.klook.com/id/activity/20143-liho-tea-singapore/?spm=SearchResult.SearchResult_LIST&clickId=402e2c0719,,Mersiska,6-Feb-20,"liho tea tidak pernah mengecewakan 🥰🥰 aku paling suka liho tea kalau di singapore, karna tidak terlalu manis dan rasa teh nya juga berbeda.. lebih murah pakai klook, thanks klook!"
1650616719-309,https://www.klook.com/id/activity/20143-liho-tea-singapore/?spm=SearchResult.SearchResult_LIST&clickId=402e2c0719,,Mersiska,6-Feb-20,"liho tea tidak pernah mengecewakan🥰🥰🥰 rasanya enak dan juga lebuh murah beli di klook, this is ma fav bbt! thanks klook🥰🥰"
1650616719-310,https://www.klook.com/id/activity/20143-liho-tea-singapore/?spm=SearchResult.SearchResult_LIST&clickId=402e2c0719,,Mersiska,6-Feb-20,"liho tea tidak pernah mengecewakan🥰🥰🥰 rasanya enak dan juga lebuh murah beli di klook, this is ma fav bbt! thanks klook🥰🥰"
1650616719-311,https://www.klook.com/id/activity/20143-liho-tea-singapore/?spm=SearchResult.SearchResult_LIST&clickId=402e2c0719,,Mersiska,6-Jan-20,liho tea memang tidak pernah mengecewakan bubblenya enak sekali dan rasa milk tea nya pun enak ♥️♥️♥️♥️♥️♥️♥️ thankyou klook ♥️♥️♥️
1650616719-312,https://www.klook.com/id/activity/20143-liho-tea-singapore/?spm=SearchResult.SearchResult_LIST&clickId=402e2c0719,,ayu wulan,3-Feb-20,Voucher yang harus dibeli kalau k SG sangat menghemat . Serius ini murah dan lokasi penukaran cabang sangat strategis di tempat atraksi terkenal
1650616719-313,https://www.klook.com/id/activity/20143-liho-tea-singapore/?spm=SearchResult.SearchResult_LIST&clickId=402e2c0719,,ayu wulan,3-Feb-20,"Teh enak lokasi penukaran di berbagai point tempat jalan2 , jadi murah banget karna beli d klook, thank you 🙏 klook
                                            Recomended!!!!"
1650616719-314,https://www.klook.com/id/activity/20143-liho-tea-singapore/?spm=SearchResult.SearchResult_LIST&clickId=402e2c0719,,Mei Lee,7-Jan-21,Sangat mudah untuk menebus voucher ini. Pasti akan menggunakan aplikasi ini klook lagi untuk memesan di masa depan
1650616719-315,https://www.klook.com/id/activity/20143-liho-tea-singapore/?spm=SearchResult.SearchResult_LIST&clickId=402e2c0719,,Benson Tan Wen Jing,13-Jan-21,"Ya, saya mencoba rasanya yang enak, rasanya sangat hemat biaya dan nyaman, jadi saya menggunakan klook untuk membeli teh susu setiap saat. Sangat nyaman dan nyaman. Pembayaran WeChat juga nyaman. Anda juga bisa mendapatkan poin untuk komentar dan kemudian menggunakan poin untuk membeli teh susu. Juga ️ diskon. Cepat, nyaman dan hemat biaya. Sangat merekomendasikan rekomendasi."
1650616719-316,https://www.klook.com/id/activity/20143-liho-tea-singapore/?spm=SearchResult.SearchResult_LIST&clickId=402e2c0719,,Meeseng,27-Feb-21,Saya suka minum teh susu liho. Ini selalu membuatku bahagia. Dapat menyesuaikan tingkat gula berapa banyak es yang Anda inginkan. Mereka selalu dapat memberikan apa yang saya butuhkan.
1650616719-317,https://www.klook.com/id/activity/20143-liho-tea-singapore/?spm=SearchResult.SearchResult_LIST&clickId=402e2c0719,,Kwang Hoe,30-Mar-21,Saya pergi ke tempat untuk memperbaiki bubble tea. Semua harga yang tercantum di atas $ 3. Aplikasi KLOOK adalah satu-satunya tempat di $ 2 +. Diskon jika Anda memiliki kredit. Sangat direkomendasikan untuk para pemburu barang murah
1650616719-318,https://www.klook.com/id/activity/20143-liho-tea-singapore/?spm=SearchResult.SearchResult_LIST&clickId=402e2c0719,,Kim Leong Vincent,6-Jan-21,"Terima kasih selanjutnya, terima kasih, terima kasih berikutnya terima kasih selanjutnya, saya sangat senang untuk kesepakatan ini terima kasih oh terima kasih berikutnya terima kasih oh terima kasih selanjutnya terima kasih selanjutnya, saya sangat senang untuk kesepakatan ini"
1650616719-319,https://www.klook.com/id/activity/20143-liho-tea-singapore/?spm=SearchResult.SearchResult_LIST&clickId=402e2c0719,,Cyn,10-Sep-20,"Mudah ditebus. Ini adalah pembelian e-voucher saya yang kedua. Cukup tambahkan $ 1 untuk upsize menjadi Large dan tambahkan $ 0,10 untuk mengubah golden pearls menjadi Black sugar pearls. Kesepakatan bagus!"
1650616719-320,https://www.klook.com/id/activity/20143-liho-tea-singapore/?spm=SearchResult.SearchResult_LIST&clickId=402e2c0719,,Meeseng,28-Mar-21,Saya sangat suka teh liho. Khususnya di Chinatown. Mereka sangat ramah dan imut. Selalu menunjukkan sikap ramah dan manis mereka kepada pelanggan.
1650616719-321,https://www.klook.com/id/activity/20143-liho-tea-singapore/?spm=SearchResult.SearchResult_LIST&clickId=402e2c0719,,Meeseng,4-Sep-20,Orang yang melayani saya bubble tea. Wanita itu sangat baik .. Saya sangat menghargai ketika dia melayani saya ... teh liho kecil bagus dan berharga :) Akan merekomendasikan kepada teman-teman saya
1650616719-322,https://www.klook.com/id/activity/20143-liho-tea-singapore/?spm=SearchResult.SearchResult_LIST&clickId=402e2c0719,,Diana,14 Okt 2020,Aplikasi yang cepat dan mudah digunakan untuk membayar pesanan dan mengumpulkan. Akan mengeksplorasi lebih banyak untuk orang lain
1650616719-323,https://www.klook.com/id/activity/20143-liho-tea-singapore/?spm=SearchResult.SearchResult_LIST&clickId=402e2c0719,,Zhi Kai Steven,6-Sep-20,Mudah ditebus. Hanya perlu menunjukkan voucher kepada staf untuk penukaran untuk mengambil minuman. Sangat dianjurkan!
1650616719-324,https://www.klook.com/id/activity/20143-liho-tea-singapore/?spm=SearchResult.SearchResult_LIST&clickId=402e2c0719,,Meeseng,20-Sep-20,Saya akan sangat merekomendasikan kepada teman-teman saya tentang liho. Karena saya telah mendukung begitu banyak kali dengannya ... itu sangat bagus .....
1650616719-325,https://www.klook.com/id/activity/20143-liho-tea-singapore/?spm=SearchResult.SearchResult_LIST&clickId=402e2c0719,,shi yan,30 Ags 2020,"Penebusan cepat dan bebas repot. Mencoba teh buah Singapura kali ini, Ingin mencoba minuman lain lain kali. Begitu banyak pilihan lainnya. 👍🏻"
1650616719-326,https://www.klook.com/id/activity/20143-liho-tea-singapore/?spm=SearchResult.SearchResult_LIST&clickId=402e2c0719,,Krislyn,22-Jul-20,"Jauh lebih murah daripada memesan dari toko, berhasil sekitar $ 1,90 per cangkir. Voucher muncul di aplikasi dalam waktu kurang dari satu menit. Mudah ditebus, cukup tunjukkan ponsel Anda dan tebus jumlah unit dari voucher. Terima kasih atas tawaran bagus ini! Ulangi pembelian. Akan dibeli kembali di masa depan."
1650616719-327,https://www.klook.com/id/activity/20143-liho-tea-singapore/?spm=SearchResult.SearchResult_LIST&clickId=402e2c0719,,Kwang Hoe,9-Jul-20,Salah satu getter go saya setiap kali saya perlu memperbaiki teh bubble. Tidak pernah mengecewakan. Ini adalah salah satu harga terbaik di kota (tidak termasuk penawaran dari aplikasi lain).
1650616719-328,https://www.klook.com/id/activity/20143-liho-tea-singapore/?spm=SearchResult.SearchResult_LIST&clickId=402e2c0719,,David,6-Feb-21,"Pelayanan bagus, nilai bagus. Minuman enak, sangat enak. Stafnya ramah dan akan membantu Anda menebus minuman. Semoga lebih banyak variasi rasa disertakan dalam paket diskon."
1650616719-329,https://www.klook.com/id/activity/20143-liho-tea-singapore/?spm=SearchResult.SearchResult_LIST&clickId=402e2c0719,,Meeseng,25-Mar-21,"Saya suka toko liho ini di sini. Wanita yang selalu melayani saya, saya sangat menghargai itu. Karena dia sangat ramah"
1650616719-330,https://www.klook.com/id/activity/20143-liho-tea-singapore/?spm=SearchResult.SearchResult_LIST&clickId=402e2c0719,,Chin Chin,15-Jul-20,"Mudah ditebus dan tehnya enak dan sangat bernilai uang. Saya menebus di 2 cabang berbeda satu memberi mutiara emas dan satu memberi mutiara hitam. Jadi, jika Anda lebih suka jenis mutiara, Anda mungkin ingin memeriksa dan pergi ke cabang yang memasok jenis mutiara yang Anda suka tanpa biaya tambahan."
1650616719-331,https://www.klook.com/id/activity/20143-liho-tea-singapore/?spm=SearchResult.SearchResult_LIST&clickId=402e2c0719,,KEW WAH,16 Des 2020,Saya suka teh susu liho. jangan minum terlalu banyak tanpa berolahraga. akan menjadi kelebihan berat badan seperti saya.
1650616719-332,https://www.klook.com/id/activity/20143-liho-tea-singapore/?spm=SearchResult.SearchResult_LIST&clickId=402e2c0719,,HOOI GIE,4-Nov-20,Penukaran mudah dan cepat. Dapat di-redeem 1 by 1 jika membeli lebih banyak. Tidak repot. Hargai lebih banyak promosi makanan di klook.
1650616719-333,https://www.klook.com/id/activity/20143-liho-tea-singapore/?spm=SearchResult.SearchResult_LIST&clickId=402e2c0719,,Kwang Hoe,3 Ags 2020,Teh bubble yang enak dengan harga terjangkau. Liho telah menjadi tempat gogetter saya untuk bubble tea saat ini. Saya selalu menggunakan klook untuk membeli kredit. Ada banyak Liho di Singapura sehingga Anda tidak memiliki alasan untuk tidak menemukannya.
1650616719-334,https://www.klook.com/id/activity/20143-liho-tea-singapore/?spm=SearchResult.SearchResult_LIST&clickId=402e2c0719,,Lay Ching Doreen,7-Jul-20,"minuman yang sangat lezat, Stafnya juga ramah. layak untuk dibeli. hanya perlu menambah $ 1 untuk minuman besar"
1650616719-335,https://www.klook.com/id/activity/20143-liho-tea-singapore/?spm=SearchResult.SearchResult_LIST&clickId=402e2c0719,,Elaisa Mariez,25-Jan-21,milktea singapore ❤❤❤❤❤❤💜💗❤❤❤❤❤❤❤❤❤❤❤❤❤❤❤💕💕💕💕💕💕
1650616719-336,https://www.klook.com/id/activity/20143-liho-tea-singapore/?spm=SearchResult.SearchResult_LIST&clickId=402e2c0719,,Mei Lee,21-Mar-21,Sangat mudah ditebus melalui aplikasi Klook ini. Selalu menjadi pilihan pertama saya ketika membeli bubble tea karena harganya juga jauh lebih murah
1650616719-337,https://www.klook.com/id/activity/20143-liho-tea-singapore/?spm=SearchResult.SearchResult_LIST&clickId=402e2c0719,,Meeseng,18-Apr-21,Aku lebih suka orang liho itu baik. Ramah dan baik. Nilai tenang bagi pelanggan. Akan merekomendasikan kepada orang lain
1650616719-338,https://www.klook.com/id/activity/20143-liho-tea-singapore/?spm=SearchResult.SearchResult_LIST&clickId=402e2c0719,,kathleen,16-Sep-20,Layanan hebat bebas repot 💪 ingin membelinya di platform Klook karena harganya jauh lebih murah dan Anda dapat menggunakannya di sebagian besar kios Liho.
