web-scraper-order,web-scraper-start-url,Pagination,user,date,review
1650617268-339,https://www.klook.com/id/activity/13826-coastes-sentosa-singapore/?spm=SearchResult.SearchResult_LIST&clickId=6d0aad8e58,,irene,27 Des 2021,"Membeli voucher di klook dengan harga diskon. Sepadan dengan harganya. Voucher mudah ditebus di restoran. Pergi selama hari kerja, jadi ada lebih sedikit orang. Karena konsep restorannya terbuka, hanya ada kipas angin di langit-langit. Cukup panas ketika kami pergi ke sana untuk makan siang. Makanannya enak."
1650617268-340,https://www.klook.com/id/activity/13826-coastes-sentosa-singapore/?spm=SearchResult.SearchResult_LIST&clickId=6d0aad8e58,,ying,3-Jul-21,"Suasana pantai selalu indah dekat dengan laut, makanan dan bir selalu memenuhi harapan kami. Staf yang berpengetahuan luas tahu cara menggunakan voucher KLOOK. Diskon besar dengan voucher KLOOK. Tapi tidak termasuk botol bir promosi $28/$32 atau spesial akhir pekan"
1650617268-341,https://www.klook.com/id/activity/13826-coastes-sentosa-singapore/?spm=SearchResult.SearchResult_LIST&clickId=6d0aad8e58,,Eduardo,14-Sep-20,"Agar dapat ditukarkan, aplikasi Klook Anda harus dalam versi yang diperbarui. Coastes perlu memastikan voucher ditukarkan di aplikasi Anda. Makanannya enak, porsi banyak berdasarkan harga. Saya membeli voucher $ 100 dan cukup memberi makan 3 orang dewasa dan 1 anak - semua makanan, tidak ada minuman karena air juga gratis. Mereka benar-benar serius dalam mempraktikkan langkah-langkah keamanan Covid-19 yang luar biasa. Pasti akan makan lagi - kami kembali ke Sentosa."
1650617268-342,https://www.klook.com/id/activity/13826-coastes-sentosa-singapore/?spm=SearchResult.SearchResult_LIST&clickId=6d0aad8e58,,ying,14 Mei 2021,"Matahari terbenam yang luar biasa. Getaran pantai yang luar biasa. Makanan membaik, di sisi yang mahal tapi Spaghetti lobster ukuran porsi yang enak dan wafel yang sempurna, es krim berkualitas baik dengan saus karamel."
1650617268-343,https://www.klook.com/id/activity/13826-coastes-sentosa-singapore/?spm=SearchResult.SearchResult_LIST&clickId=6d0aad8e58,,Geok Leng Eileen,20-Mar-21,Voucher mudah ditebus dan bernilai uang. Tempat yang bagus untuk sarapan santai bersama keluarga. Anak-anak saya suka tempat itu. Makanan enak dan porsi besar. Sangat dianjurkan.
1650617268-344,https://www.klook.com/id/activity/13826-coastes-sentosa-singapore/?spm=SearchResult.SearchResult_LIST&clickId=6d0aad8e58,,Ming Wei,17-Jul-21,Makanan dan layanan berkualitas sangat baik. Tho itu sedikit di sisi pricier. Tapi masih sepadan dengan waktu dan uang menunggu. Direkomendasikan untuk dicoba!
1650617268-345,https://www.klook.com/id/activity/13826-coastes-sentosa-singapore/?spm=SearchResult.SearchResult_LIST&clickId=6d0aad8e58,,Tang,22 Des 2019,Memiliki sambutan hangat oleh staf pada hari hujan. Makanan murah dan enak. Pesan berry Berry jika Anda mencari minuman manis!
1650617268-346,https://www.klook.com/id/activity/13826-coastes-sentosa-singapore/?spm=SearchResult.SearchResult_LIST&clickId=6d0aad8e58,,A,15-Nov-20,"Membeli voucher tunai $ 100 dan diberi tahu bahwa kami tidak dapat menggunakannya untuk House Wines / Rosé. Kami harus menghabiskan semua untuk makanan. Kami kemudian ingin mengambil beberapa pesanan kami karena makanan senilai $ 100 terlalu banyak, tetapi diberi tahu bahwa kami juga tidak dapat mengambilnya dengan menggunakan voucher. Selain itu, kami masih akan mengunjungi kembali tempat ini. Periksa dulu dengan kasir sebelum membeli voucher tunai."
1650617268-347,https://www.klook.com/id/activity/13826-coastes-sentosa-singapore/?spm=SearchResult.SearchResult_LIST&clickId=6d0aad8e58,,K,2-Apr-21,Voucher sangat mudah digunakan dan menghemat uang saya. Saya sangat merekomendasikan.
1650617268-348,https://www.klook.com/id/activity/13826-coastes-sentosa-singapore/?spm=SearchResult.SearchResult_LIST&clickId=6d0aad8e58,,WEIJIAN JERVOIS,21 Des 2020,bebas repot saat menebus. perhatikan bahwa voucher 50 dolar SETELAH gst
1650617268-349,https://www.klook.com/id/activity/13826-coastes-sentosa-singapore/?spm=SearchResult.SearchResult_LIST&clickId=6d0aad8e58,,irene,27 Des 2021,"Membeli voucher di klook dengan harga diskon. Sepadan dengan harganya. Voucher mudah ditebus di restoran. Pergi selama hari kerja, jadi ada lebih sedikit orang. Karena konsep restorannya terbuka, hanya ada kipas angin di langit-langit. Cukup panas ketika kami pergi ke sana untuk makan siang. Makanannya enak."
1650617268-350,https://www.klook.com/id/activity/13826-coastes-sentosa-singapore/?spm=SearchResult.SearchResult_LIST&clickId=6d0aad8e58,,ying,3-Jul-21,"Suasana pantai selalu indah dekat dengan laut, makanan dan bir selalu memenuhi harapan kami. Staf yang berpengetahuan luas tahu cara menggunakan voucher KLOOK. Diskon besar dengan voucher KLOOK. Tapi tidak termasuk botol bir promosi $28/$32 atau spesial akhir pekan"
1650617268-351,https://www.klook.com/id/activity/13826-coastes-sentosa-singapore/?spm=SearchResult.SearchResult_LIST&clickId=6d0aad8e58,,Eduardo,14-Sep-20,"Agar dapat ditukarkan, aplikasi Klook Anda harus dalam versi yang diperbarui. Coastes perlu memastikan voucher ditukarkan di aplikasi Anda. Makanannya enak, porsi banyak berdasarkan harga. Saya membeli voucher $ 100 dan cukup memberi makan 3 orang dewasa dan 1 anak - semua makanan, tidak ada minuman karena air juga gratis. Mereka benar-benar serius dalam mempraktikkan langkah-langkah keamanan Covid-19 yang luar biasa. Pasti akan makan lagi - kami kembali ke Sentosa."
1650617268-352,https://www.klook.com/id/activity/13826-coastes-sentosa-singapore/?spm=SearchResult.SearchResult_LIST&clickId=6d0aad8e58,,ying,14 Mei 2021,"Matahari terbenam yang luar biasa. Getaran pantai yang luar biasa. Makanan membaik, di sisi yang mahal tapi Spaghetti lobster ukuran porsi yang enak dan wafel yang sempurna, es krim berkualitas baik dengan saus karamel."
1650617268-353,https://www.klook.com/id/activity/13826-coastes-sentosa-singapore/?spm=SearchResult.SearchResult_LIST&clickId=6d0aad8e58,,Geok Leng Eileen,20-Mar-21,Voucher mudah ditebus dan bernilai uang. Tempat yang bagus untuk sarapan santai bersama keluarga. Anak-anak saya suka tempat itu. Makanan enak dan porsi besar. Sangat dianjurkan.
1650617268-354,https://www.klook.com/id/activity/13826-coastes-sentosa-singapore/?spm=SearchResult.SearchResult_LIST&clickId=6d0aad8e58,,Ming Wei,17-Jul-21,Makanan dan layanan berkualitas sangat baik. Tho itu sedikit di sisi pricier. Tapi masih sepadan dengan waktu dan uang menunggu. Direkomendasikan untuk dicoba!
1650617268-355,https://www.klook.com/id/activity/13826-coastes-sentosa-singapore/?spm=SearchResult.SearchResult_LIST&clickId=6d0aad8e58,,Tang,22 Des 2019,Memiliki sambutan hangat oleh staf pada hari hujan. Makanan murah dan enak. Pesan berry Berry jika Anda mencari minuman manis!
1650617268-356,https://www.klook.com/id/activity/13826-coastes-sentosa-singapore/?spm=SearchResult.SearchResult_LIST&clickId=6d0aad8e58,,A,15-Nov-20,"Membeli voucher tunai $ 100 dan diberi tahu bahwa kami tidak dapat menggunakannya untuk House Wines / Rosé. Kami harus menghabiskan semua untuk makanan. Kami kemudian ingin mengambil beberapa pesanan kami karena makanan senilai $ 100 terlalu banyak, tetapi diberi tahu bahwa kami juga tidak dapat mengambilnya dengan menggunakan voucher. Selain itu, kami masih akan mengunjungi kembali tempat ini. Periksa dulu dengan kasir sebelum membeli voucher tunai."
1650617268-357,https://www.klook.com/id/activity/13826-coastes-sentosa-singapore/?spm=SearchResult.SearchResult_LIST&clickId=6d0aad8e58,,K,2-Apr-21,Voucher sangat mudah digunakan dan menghemat uang saya. Saya sangat merekomendasikan.
1650617268-358,https://www.klook.com/id/activity/13826-coastes-sentosa-singapore/?spm=SearchResult.SearchResult_LIST&clickId=6d0aad8e58,,WEIJIAN JERVOIS,21 Des 2020,bebas repot saat menebus. perhatikan bahwa voucher 50 dolar SETELAH gst
