web-scraper-order,web-scraper-start-url,user,date,review
,klook.com/id/hotels/detail/88417-resorts-world-sentosa--hotel-michael-sg-clean,Jimmy,Diulas: 15 Apr 2022,antrian panjang saat check in..... overall room masih ok...
,klook.com/id/hotels/detail/88417-resorts-world-sentosa--hotel-michael-sg-clean,BEE LAN,Diulas: 7 Apr 2022,lokasi yang luar biasa. staf yang ramah dan hotel berbau harum. Hotel mengejutkan kami dengan dekorasi ulang tahun untuk ulang tahun anak laki-laki saya. Dan yang membuat kami terkesan adalah konsep ramah lingkungan mereka. Akan kembali pasti
,klook.com/id/hotels/detail/88417-resorts-world-sentosa--hotel-michael-sg-clean,Irene,Diulas: 30 Mar 2022,"Waktu tunggu untuk check-in relatif lama, menunggu 1,5 jam! Ruangan itu bersih! Tempat yang bagus untuk menginap jika Anda menghabiskan akhir pekan di Sentosa"
,klook.com/id/hotels/detail/88417-resorts-world-sentosa--hotel-michael-sg-clean,PeiJing,Diulas: 25 Mar 2022,"Ruangan itu bersih dan para stafnya ramah. AC hanya bisa diatur hingga 22 derajat, jadi agak hangat terutama di sore hari. Secara keseluruhan, tinggal itu menyenangkan."
,klook.com/id/hotels/detail/88417-resorts-world-sentosa--hotel-michael-sg-clean,SHI HUI CHRISTABEL,Diulas: 19 Mar 2022,"Antrian panjang saat check-in, sama seperti hotel lain, tetapi ada sistem antrian sehingga setidaknya tamu dapat berkeliling rws daripada mengantri."
,klook.com/id/hotels/detail/88417-resorts-world-sentosa--hotel-michael-sg-clean,Joelle,Diulas: 16 Mar 2022,"Staycay Liburan Sekolah Maret 2022 yang Menakjubkan. Prebook check-in dan sisanya sangat mudah. Mendapat lantai tinggi menghadap pemandangan Rws, kamar santisse & bersih. Deco Ulang Tahun Kejutan dilakukan oleh staf dan pembersihan rumah juga di jalurnya. Mendapat 2 tempat tidur ganda, cukup untuk 2A2C. Parkir mobil gratis / hari adalah bonus. Perlu kolam renang pra-pesan dan check out tanpa repot. Akan kembali jika lebih banyak penawaran promosi. [\u1f60a]"
,klook.com/id/hotels/detail/88417-resorts-world-sentosa--hotel-michael-sg-clean,Brenda,Diulas: 15 Mar 2022,Staycay pendek yang bagus dengan pembersih yang ramah. Cons: sulit untuk menemukan tempat parkir dari sana dan pemandangan yang diberikan dipenuhi dengan konstruksi.
,klook.com/id/hotels/detail/88417-resorts-world-sentosa--hotel-michael-sg-clean,Wan Sin,Diulas: 12 Mar 2022,"Layanan hebat dari staf dan bereaksi terhadap masalah dengan cepat. Namun, kamar agak berdebu. . ."
,klook.com/id/hotels/detail/88417-resorts-world-sentosa--hotel-michael-sg-clean,Aaron Zhenghao,Diulas: 11 Mar 2022,Ini bukan pertama kalinya saya menginap di Hotel Michael. Para staf sangat sopan dan ramah. Mereka juga mengakomodasi permintaan kami. Berbagai pilihan makanan juga mudah diakses dari hotel.
,klook.com/id/hotels/detail/88417-resorts-world-sentosa--hotel-michael-sg-clean,CW,Diulas: 9 Mar 2022,"Lokasi bagus dan staf layanan. Kami berhasil melakukan check-in lebih awal juga. Langit-langit tinggi, kamar yang luas dan bersih untuk kami. Namun, sarapannya kurang bersemangat dan kurang variasi. Porsinya juga bisa lebih besar. Tidak menggunakan kredit makan pada akhirnya kami hanya dapat menggunakannya untuk beberapa restoran dan mereka bahkan tidak tersedia pada hari kerja ketika kami berada."
,klook.com/id/hotels/detail/88417-resorts-world-sentosa--hotel-michael-sg-clean,Chow Yeh,Diulas: 2 Mar 2022,"hotel ini bersih dan umumnya ok untuk setiap masa inap. Namun, itu tidak memenuhi harapan saya terutama. ketika saya memilih untuk tinggal di hari istimewa saya, bahkan tidak ada ucapan selamat dari staf check-in-counter atau pesan di pesan selamat datang."
,klook.com/id/hotels/detail/88417-resorts-world-sentosa--hotel-michael-sg-clean,I Ling,Diulas: 28 Feb 2022,Kecepatan penerimaan bisa sedikit lebih cepat. Dapat mengeksplorasi bagaimana merampingkan proses. Memiliki sedikit kebingungan atas kredit makan yang datang dengan pemesanan saya tetapi akhirnya diselesaikan. Ruangan itu cukup luas dan layanan kamar cepat. Sarapan dan kolam renangnya begitu-begitu saja.
,klook.com/id/hotels/detail/88417-resorts-world-sentosa--hotel-michael-sg-clean,Herman,Diulas: 12 Feb 2022,Menikmati staycation di Sentosa pasti worth it untuk menginap di Hotel Michael[\u1f44d][\u1f3fb] Sarapan cukup oke~ tapi ada ruang untuk perbaikan. Kamar sangat luas dan nyaman. Tidak sabar untuk pergi tinggal di sana lagi!
,klook.com/id/hotels/detail/88417-resorts-world-sentosa--hotel-michael-sg-clean,Dina,Diulas: 4 Feb 2022,Staycation sederhana n menyenangkan dan terasa seperti liburan singkat.
,klook.com/id/hotels/detail/88417-resorts-world-sentosa--hotel-michael-sg-clean,Hamidah,Diulas: 2 Feb 2022,"Menginap selama 2 malam di RWS Hotel Michael bersama keluarga saya. Banyak kegiatan yang dipersingkat karena pandemi Covid, jika tidak, itu bisa menjadi tempat peristirahatan yang jauh dari keramaian dan hiruk pikuk kota. Cuaca juga tidak bisa diprediksi. Namun demikian, dapat dimaklumi, itu tetap merupakan staycation yang menyenangkan. Ruangan itu luas, tempat tidur ukuran besar dan nyaman. Kami mendapat kamar yang bersebelahan. Tidak ada masalah saat check in dan check out. Cucu saya menikmati waktu berenangnya. Tidak ada keluhan, namun, hotel dapat menawarkan pilihan sarapan yang lebih baik dalam keadaan seperti itu di mana tidak ada prasmanan yang diizinkan. Secara keseluruhan, semua baik."
,klook.com/id/hotels/detail/88417-resorts-world-sentosa--hotel-michael-sg-clean,Muhammad Nurhafiez,Diulas: 24 Jan 2022,Lokasi bagus untuk atraksi terdekat. sangat dianjurkan
,klook.com/id/hotels/detail/88417-resorts-world-sentosa--hotel-michael-sg-clean,Tian Tian,Diulas: 18 Jan 2022,Itu lebih baik dari yang Anda harapkan. Pemandangannya bagus dan kamarnya cukup besar. Memesan 2 kamar dan senang memiliki kamar yang terhubung. Proses check in cukup cepat dan mudah. Periksa email Anda untuk memesan slot untuk check-in sehingga kamar Anda akan siap pada saat check-in.
,klook.com/id/hotels/detail/88417-resorts-world-sentosa--hotel-michael-sg-clean,SHERRY JOANNA,Diulas: 17 Jan 2022,"terima kasih atas dekorasi mini untuk masa menginap kami, kami menikmatinya!"
,klook.com/id/hotels/detail/88417-resorts-world-sentosa--hotel-michael-sg-clean,Lezhander,Diulas: 10 Jan 2022,Pengalaman staycation yang menyenangkan untuk anak-anak dan keluarga.
,klook.com/id/hotels/detail/88417-resorts-world-sentosa--hotel-michael-sg-clean,Joie,Diulas: 8 Jan 2022,"Lokasi sangat bagus, dengan banyak restoran di dekatnya dan dekat dengan atraksi yang ingin kami kunjungi. Akan kembali lagi ke sini."
,klook.com/id/hotels/detail/88417-resorts-world-sentosa--hotel-michael-sg-clean,Michelle,Diulas: 4 Jan 2022,"ruangan berdebu. room service akan masuk ke kamar jika tidak ada tanda ganggu. terbiasa dengan tanda yang tergantung di pintu. pengontrol TV tidak berfungsi berfungsi melawan TV. dan memiliki 2 volume untuk mengontrol di TV (bersabarlah) ketika AC disetel ke 30 derajat, rasanya seperti 21 derajat. kami membelinya dengan sarapan, kami memesan dan mengambil sendiri ke kamar. makan di restoran, perlu menjaga jarak aman dan banyak kekhawatiran dan kekhawatiran. makan di kamar jauh lebih santai dan bebas. qoverall masih OK, karena anak saya sedang bersenang-senang di kamar."
,klook.com/id/hotels/detail/88417-resorts-world-sentosa--hotel-michael-sg-clean,Mae Bautista,Diulas: 4 Jan 2022,mudah ditebus dari kontra aplikasi klook: tidak ada sarapan tetapi toko rws terdekat
,klook.com/id/hotels/detail/88417-resorts-world-sentosa--hotel-michael-sg-clean,Ezi,Diulas: 30 Des 2021,Rekomendasi terbaik untuk staycation keluarga atau acara bisnis.
,klook.com/id/hotels/detail/88417-resorts-world-sentosa--hotel-michael-sg-clean,Siew May Sharon,Diulas: 30 Des 2021,Lokasi nyaman yang bagus yang sangat berguna saat membawa anak-anak. Cek di itu lancar. Staf rumah tangga cukup bijaksana dan check in setiap hari untuk melihat apakah kami membutuhkan tata graha. Sulit mendapatkan slot untuk kolam renang.
,klook.com/id/hotels/detail/88417-resorts-world-sentosa--hotel-michael-sg-clean,Kah Yin,Diulas: 29 Des 2021,"Baca ulasan sebelumnya di Google bahwa menunggu untuk check-in memakan waktu 2+ jam &amp; sangat buruk tetapi itu dapat ditanggung untuk keluarga saya; check-in membutuhkan waktu 50 menit; ada seorang wanita muda di lobi yang membantu menghubungi saya melalui HP sehingga saya tidak perlu menunggu di lobi yang ramai. Staf pramutamu juga membantu kami sampai ke kolam sebelum kunci kamar siap. Benar-benar menghargai deco kamar sederhana yang disiapkan untuk ulang tahun suami saya dan semua staf (petugas, kolam renang, meja depan, meja bantuan) dalam membuat masa menginap kami menyenangkan!"
,klook.com/id/hotels/detail/88417-resorts-world-sentosa--hotel-michael-sg-clean,Germain,Diulas: 25 Des 2021,"staf yang sangat ramah dan membantu untuk membantu dengan check-in, meskipun orang banyak. Ruangan itu cukup bersih dan kami diberi bantuan cukup segera setiap kali diperlukan. hotel ini juga berada di lokasi yang baik di tengah RWS, sehingga mudah diakses dan nyaman untuk mengunjungi tempat-tempat wisata terdekat."
,klook.com/id/hotels/detail/88417-resorts-world-sentosa--hotel-michael-sg-clean,Wen Qian,Diulas: 25 Des 2021,Kami menikmati kami tinggal... akan kembali lagi. Lokasi bagus! Nyaman
,klook.com/id/hotels/detail/88417-resorts-world-sentosa--hotel-michael-sg-clean,Yu Fong Wind,Diulas: 22 Des 2021,"Hotel ini berada di lokasi yang nyaman, dapat dengan mudah mengakses USS, teluk petualangan, dan akuarium laut. Anak-anak bersenang-senang."
,klook.com/id/hotels/detail/88417-resorts-world-sentosa--hotel-michael-sg-clean,Elista,Diulas: 19 Des 2021,"Memesan dua kamar dan staf mengatur kamar yang saling berhadapan. Melihat bahwa kamar memiliki pintu interkoneksi meskipun staf tidak memberi kami pilihan. Check-in adalah mimpi buruk. Kami tiba sebelum 1230 dan sudah ada antrian. Berpikir bahwa kami bisa mendapatkan kunci setelah check-in tetapi mengantri hingga pukul 230 malam, check in hanya untuk disuruh kembali pada pukul 330 sore untuk mengantri lagi untuk kunci. Akhirnya mendapatkan kunci hanya setelah jam 430 sore. Merasa bahwa sistem dapat diatur dengan lebih baik karena mereka mengatakan kepada kami untuk mengantre bahkan setelah menetapkan nomor antrian. Setiap orang juga membutuhkan waktu yang sangat lama. Merasa bahwa itu pasti buang-buang waktu selama kurang dari 24 jam di kamar (checkout jam 12 siang). Mesin swalayan tidak ramah pengguna dan tidak mengizinkan saya memilih jenis tempat tidur atau memperbarui tamu. Sarapan diberikan oleh set (Asia/Barat) dan cukup mengenyangkan."
,klook.com/id/hotels/detail/88417-resorts-world-sentosa--hotel-michael-sg-clean,Eng Ket,Diulas: 17 Des 2021,Pengalaman menginap yang menyenangkan...anak dan istri sangat senang..lokasi tepat di samping USS...
,klook.com/id/hotels/detail/88417-resorts-world-sentosa--hotel-michael-sg-clean,Suat Kee,Diulas: 17 Des 2021,Pengalaman menginap yang luar biasa menggunakan Singapore Re-discovery Vouchers. Sangat dianjurkan.
,klook.com/id/hotels/detail/88417-resorts-world-sentosa--hotel-michael-sg-clean,JOO TEOW,Diulas: 16 Des 2021,"Check-in adalah pengalaman terburuk yang pernah saya temui. Bahkan beberapa hotel berbintang rendah memiliki pengaturan check-in yang lebih baik. Email menyatakan check-in jam 1500, tiba jam 1505.. kami mendapat nomor antrian dan diberitahu bahwa perkiraan waktu tunggu antrian adalah 2 jam dan kami disarankan untuk berjalan-jalan daripada menunggu di lobi yang sudah penuh sesak. . kami kaget tapi tidak ada yang bisa kami lakukan, jadi kami berjalan-jalan dan kembali pada jam 17.10.. kami melihat layar, nomor antrian bergerak kurang dari 10.. frustrasi, berjalan-jalan dan melihat mesin kios, pergi ke bermain-main dengannya, berhasil memahami bahwa itu adalah mesin check-in mandiri.. kami tidak disarankan oleh staf bahwa kami dapat menggunakannya untuk melakukan check-in mandiri yang akan membantu mempercepat proses check-in.. ️ berhasil menyelesaikan semuanya dalam waktu kurang dari 15 menit.. tapi tetap saja, kami harus menunggu SMS tetapi setidaknya dari apa yang saya lihat, keluarga lain yang menggunakan kios jauh lebih cepat dan tidak perlu menunggu selama itu. .jadi ketika kami sedang menunggu SMS, seorang wanita yang baik menawarkan untuk memberi kami nomor antriannya saat dia berhasil check-in melalui kios dan g ot kunci kamarnya bahkan sebelum di sini nomor antrian dipanggil .. dan nomornya 30 di depan saya .. ketika kami akhirnya pergi ke kamar kami, matahari telah terbenam.. kami menginap selama 3H2N, kami mencoba memesan untuk slot di kolam renang, itu penuh selama 3 hari penuh.. tidak ada yang bisa kita lakukan tentang itu.. sarapan diatur dan tidak bergaya prasmanan, rasa makanan hanya rata-rata.. secara keseluruhan, tinggal di sana jauh di bawah rata-rata untuk harga yang harus dibayar dan mempertimbangkan bintang dan reputasinya, SAYA TIDAK AKAN PERNAH KEMBALI KE SANA LAGI..!!! Agak membayar sedikit lebih untuk masa inap yang jauh lebih baik .. Wisatawan berhati-hatilah dan berhati-hatilah .."
,klook.com/id/hotels/detail/88417-resorts-world-sentosa--hotel-michael-sg-clean,Qiuluan,Diulas: 14 Des 2021,staf yang sangat ramah dan menampung kebutuhan kita. Ruangan itu sangat luas. luar biasa terletak dekat semua restoran di RWS.
,klook.com/id/hotels/detail/88417-resorts-world-sentosa--hotel-michael-sg-clean,boon fei,Diulas: 10 Des 2021,"Saya menunggu untuk check-in selama hampir tiga jam. Setelah mengantri untuk memasukkan detail kami, kami disuruh mengantri lagi dalam satu jam untuk mendapatkan kunci. Pemanas air di dalam kamar tidak berfungsi."
,klook.com/id/hotels/detail/88417-resorts-world-sentosa--hotel-michael-sg-clean,Huang,Diulas: 2 Des 2021,"Lingkungan bersih dan nyaman untuk menginap, akan lebih baik jika fasilitas kolam renang ditingkatkan"
,klook.com/id/hotels/detail/88417-resorts-world-sentosa--hotel-michael-sg-clean,Tan,Diulas: 28 Nov 2021,"Cadangan waktu check-in online pada jam 4 sore tetapi diarahkan untuk mendapatkan no antrian. yang menunjukkan 79 tamu di depan saya. Untungnya, saya pergi untuk meminta staf muda di pintu masuk. Dia membantu saya mengkonfirmasi dengan staf di konter dan berhasil bergabung dengan antrian pendek dengan 5 hingga 6 orang di depan kami. Jika bukan karena dia, aku akan menunggu sampai tengah malam?!"
,klook.com/id/hotels/detail/88417-resorts-world-sentosa--hotel-michael-sg-clean,Yuslita,Diulas: 24 Nov 2021,"Hotel yang bagus dengan lokasi yang sangat baik terletak di resort world sentosa, sangat bersih &amp; nyaman. Banyak tempat makan dan toko. Akuarium Laut, USS, dan trem semuanya dapat dicapai dengan berjalan kaki. Pasti akan merekomendasikan hotel ini untuk semua orang! Lihatlah pemandangan dari kamar hotel saya…."
,klook.com/id/hotels/detail/88417-resorts-world-sentosa--hotel-michael-sg-clean,Qiu You,Diulas: 18 Nov 2021,Lokasi bagus dan staf yang ramah. Akan mempertimbangkan untuk memilih hotel ini lagi lain kali untuk staycation kami. Lokasi dekat dengan USS dan dekat dengan berjalan kaki ke toko-toko dan kasino.
,klook.com/id/hotels/detail/88417-resorts-world-sentosa--hotel-michael-sg-clean,Clara,Diulas: 17 Nov 2021,"Staf Hotel Michael, terutama wanita rumah tangga di lantai 10 sangat membantu dan penuh perhatian. Ruangan itu bersih dan rapi dan memungkinkan kami untuk bersantai dengan nyaman di liburan sentosa singkat ini. Sangat menikmati diri kita sendiri dan proses check in dan check out mudah dan nyaman menggunakan kios. belum lagi, cepat dan bebas repot juga."
,klook.com/id/hotels/detail/88417-resorts-world-sentosa--hotel-michael-sg-clean,Yeo,Diulas: 14 Nov 2021,"Saya telah memesan 2 malam di Hotel Michael dan berharap untuk menghabiskan masa menginap kami dengan anak saya yang berusia 3 tahun. Check-in itu sendiri membuat saya terperangah. Saya disambut oleh 50 orang dalam antrian hanya untuk check-in. Saya mengambil nomor q dan menunggu selama 20 menit sambil melihat nomor q bergerak sangat lambat. Saya memutuskan untuk pergi ke self check in kisok untuk melihat apakah itu berhasil. Itu membawa saya lagi 20 menit dan ketika giliran saya, mesin tidak bisa cocok dengan rincian saya. Orang-orang di belakang saya menghadapi masalah yang sama. Kami semua memutuskan untuk menyerah dan meninggalkan barang bawaan di lobi. Kami pergi berjalan-jalan di sentosa dan kembali hampir jam 6 sore. Itu masih BUKAN giliran saya. Akhirnya giliran kami yang disambut oleh petugas counter yang belum berpengalaman. Kami tidak menerima permintaan maaf untuk menunggu selama 3 jam. Sekali lagi dia membutuhkan waktu 20 menit untuk menemukan reservasi kami dan terus-menerus mendekati rekannya untuk meminta bantuan. Ternyata nomor kontak kami tidak sesuai dengan pemesanan di sistemnya. Selanjutnya dia memberi tahu kami bahwa hanya ada kamar merokok yang tersisa dan saya terkejut karena saya memiliki anak laki-laki berusia 3 tahun. Saya tidak punya pilihan selain menerima. Selanjutnya, dia memberi tahu saya bahwa mereka hanya memiliki 2 tempat tidur single dan saya meminta untuk menggabungkan tempat tidur. Dia memberi tahu saya bahwa itu tidak mungkin, jadi saya menjelaskan bahwa saya memiliki anak kecil dan dia mendekati rekannya lagi. Dia datang dan memberi saya tatapan maut sebelum menantang saya berapa usia anak saya. Pada saat itu, saya benar-benar terkejut karena saya belum pernah mengalami penerimaan hotel yang begitu kasar sebelumnya. Ini adalah yang terburuk dan di hotel yang mapan. Jerami terakhir adalah ketika saya meminta waktu check out nanti karena saya menunggu 3 jam untuk check-in (hotel tidak mengatur kerumunan). Rekan itu menjawab di konternya dengan keras kepada saya dengan mengatakan itu tidak mungkin karena hotel sudah penuh dipesan. Dia tidak memiliki kontak mata atau menunjukkan simpati. Saya merasa dianiaya karena mereka setidaknya harus meminta maaf karena tidak dapat mengizinkannya. Staf sangat kasar dan menunjukkan 0 simpati. Tidak ada layanan selama seluruh check-in meskipun jumlah yang saya bayarkan cukup untuk menginap di hotel bintang 5. Saya sangat kecewa dan mendukung pariwisata lokal hanyalah kata-kata tanpa tindakan dari penyedia layanan. Saya ingin berbagi pengalaman buruk saya agar orang lain tidak menghadapi ini dan merusak pengalaman staycation Anda."
,klook.com/id/hotels/detail/88417-resorts-world-sentosa--hotel-michael-sg-clean,Jeanne,Diulas: 10 Nov 2021,Salah satu Hotel bintang 5 yang tidak terlalu bagus untuk dikunjungi. Cek di itu agak lambat. Untungnya pria yang mengenakan kemeja ini sangat sabar dengan semua tamu dan menawarkan bantuan. Lakukan rmb dari antrian panjang jika Anda memesan di dekat musim perayaan
,klook.com/id/hotels/detail/88417-resorts-world-sentosa--hotel-michael-sg-clean,Jeanne,Diulas: 10 Nov 2021,Salah satu Hotel bintang 5 yang tidak terlalu bagus untuk dikunjungi. Cek di itu agak lambat. Untungnya pria yang mengenakan kemeja ini sangat sabar dengan semua tamu dan menawarkan bantuan. Lakukan rmb dari antrian panjang jika Anda memesan di dekat musim perayaan
,klook.com/id/hotels/detail/88417-resorts-world-sentosa--hotel-michael-sg-clean,Lim,Diulas: 5 Nov 2021,Check-in terhuyung-huyung menyenangkan. Kamarnya besar dan bersih.
,klook.com/id/hotels/detail/88417-resorts-world-sentosa--hotel-michael-sg-clean,Teo,Diulas: 30 Okt 2021,tempat yang bagus untuk bersantai dan bersenang-senang staf sangat membantu
,klook.com/id/hotels/detail/88417-resorts-world-sentosa--hotel-michael-sg-clean,Rebecca,Diulas: 30 Okt 2021,Pelarian yang baik dari kota. Ukuran kamar lumayan. Sarapan juga baik.
,klook.com/id/hotels/detail/88417-resorts-world-sentosa--hotel-michael-sg-clean,Jamilah,Diulas: 26 Okt 2021,Tarif kamar di sisi yang tinggi. Bisa mendapatkan hotel bintang 5 menginap di tempat lain dengan harga yang saya bayar untuk hotel ini melalui klook. Kios check-in mandiri dengan hanya 1 staf untuk membantu tamu. Sarapan diberikan set makanan dan tidak alacarte prasmanan dan dengan demikian tidak punya pilihan. Lebih baik memilih keluar kamar tanpa sarapan bagi mereka yang berniat untuk tinggal di sini.
,klook.com/id/hotels/detail/88417-resorts-world-sentosa--hotel-michael-sg-clean,Abdul Rasheed Jabbar,Diulas: 24 Okt 2021,check-in berantakan. lebih dari satu jam waktu tunggu. fasilitasnya semua penuh jadi tidak bisa pergi. memang mengintip di kolam renang dan itu kecil. sangat kecil. merekomendasikan teluk petualangan untuk berenang. tidak ada makanan setelah tengah malam. tidak ada pilihan bersantap di kamar selama waktu itu juga. staf sangat mengagumkan. tapi kewalahan. sejauh ini baik-baik saja pengalaman
,klook.com/id/hotels/detail/88417-resorts-world-sentosa--hotel-michael-sg-clean,Shi Hao,Diulas: 8 Okt 2021,"Layanan hebat, staf yang ramah; kamar tidak kedap suara, bisa mendengar kamar lain dan saat mandi ada suara di pipa"
,klook.com/id/hotels/detail/88417-resorts-world-sentosa--hotel-michael-sg-clean,Shi Hao,Diulas: 8 Okt 2021,"Layanan hebat, staf yang ramah; kamar tidak kedap suara, bisa mendengar kamar lain dan saat mandi ada suara di pipa"
,klook.com/id/hotels/detail/88417-resorts-world-sentosa--hotel-michael-sg-clean,Jing Ting,Diulas: 20 Sep 2021,"Kami memiliki pengalaman menginap yang menyenangkan di hotel Michael dan kamar kami menghadap ke studio universal yang sangat keren! dari staf yang ramah dan membantu hingga lingkungan dan kebersihan hotel secara keseluruhan di masa yang belum pernah terjadi sebelumnya ini, pengalaman menginap kami dibuat sangat luar biasa meskipun sangat singkat. sangat merekomendasikan untuk orang yang mencari liburan singkat dari keramaian dan hiruk pikuk 'kota'!"
,klook.com/id/hotels/detail/88417-resorts-world-sentosa--hotel-michael-sg-clean,Juliyana,Diulas: 5 Sep 2021,"Layanan sangat baik. Namun, ruangan itu tidak kedap suara dan saya dapat mendengar anak-anak berteriak dari sebelah sampai tengah malam. Itu adalah siksaan."
,klook.com/id/hotels/detail/88417-resorts-world-sentosa--hotel-michael-sg-clean,LI LING,Diulas: 2 Sep 2021,"Jika Anda adalah pasangan yang mencari tempat peristirahatan, saya tidak akan merekomendasikan hotel ini karena kamar deluxe sangat kosong. Itu datang dengan fasilitas umum dengan tidak sesuai dengan label harga. Saya tidak yakin apakah meminta kartu identitas tamu hotel adalah wajib, ini pertama kalinya saya menemukan praktik ini karena saya sering tidak membawa IC saya."
,klook.com/id/hotels/detail/88417-resorts-world-sentosa--hotel-michael-sg-clean,felicia,Diulas: 30 Agt 2021,"Memiliki pengalaman hebat di hotel Michael, staf juga ramah. Membelikan putra saya yang berusia 3 bulan dan dia juga menikmatinya! Akan kembali lagi."
,klook.com/id/hotels/detail/88417-resorts-world-sentosa--hotel-michael-sg-clean,Priya Shalini,Diulas: 17 Agt 2021,Tempat yang bagus untuk staycation Akan merekomendasikan kepada orang lain dan akan pergi lagi
,klook.com/id/hotels/detail/88417-resorts-world-sentosa--hotel-michael-sg-clean,Joel,Diulas: 17 Agt 2021,Hebat! Dekat dengan trem dan tempat makan dan sangat nyaman.
,klook.com/id/hotels/detail/88417-resorts-world-sentosa--hotel-michael-sg-clean,Nur Faizah,Diulas: 1 Jul 2021,lokasi hotel bagus karena dekat dengan vivocity dan segala macam atraksi. kamarnya juga nyaman. Proses check-in agak lambat tapi saya tidak keberatan menunggu. Pasti akan kembali lagi kesini.
,klook.com/id/hotels/detail/88417-resorts-world-sentosa--hotel-michael-sg-clean,Koh,Diulas: 19 Jun 2021,Selamat lingkungan bersih. Dapat diakses di mana-mana. Akan segera kembali untuk istirahat sejenak?
,klook.com/id/hotels/detail/88417-resorts-world-sentosa--hotel-michael-sg-clean,Ng,Diulas: 26 Mei 2021,"mengunjungi kembali sentosa, bagus.... pantai bagus dan makanan enak."
,klook.com/id/hotels/detail/88417-resorts-world-sentosa--hotel-michael-sg-clean,sarah may,Diulas: 6 Mei 2021,"Kami check in menggunakan kios dengan bantuan dari staf hotel. Dia sangat membantu &amp; prosesnya cukup mudah. Jarak antara pintu kamar hotel dan lantai agak terlalu tinggi karena kami dapat melihat cahaya dari koridor dan dapat mendengar suara tamu hotel yang lewat. Tapi secara keseluruhan, pengalaman menginapnya menyenangkan"
,klook.com/id/hotels/detail/88417-resorts-world-sentosa--hotel-michael-sg-clean,Lee Ping,Diulas: 5 Mei 2021,Meninggalkan komentar bahwa staycation dimaksudkan untuk perayaan staycay anak laki-laki saya. Akhirnya staf hotel merapikan tempat tidur dan anak saya senang. Terima kasih banyak atas usahanya! juga para staf sangat membantu dan penuh perhatian. Ada pintu ke pintu yang memberikan es krim gratis juga. [\u1f44d][\u1f3fb][\u1f60d]
,klook.com/id/hotels/detail/88417-resorts-world-sentosa--hotel-michael-sg-clean,Viviane,Diulas: 30 Apr 2021,di seluruh hotel besar. kolam kecil... sedikit di bawah harapan dari foto.
,klook.com/id/hotels/detail/88417-resorts-world-sentosa--hotel-michael-sg-clean,Alena,Diulas: 29 Apr 2021,"Pengalaman check-in yang mudah dan staf yang menyenangkan, bisa mendapatkan keterlambatan check-out juga. Kamar hotel bersih dan mereka mendekorasinya juga untuk ulang tahun sepupu saya"
,klook.com/id/hotels/detail/88417-resorts-world-sentosa--hotel-michael-sg-clean,Shan Shan,Diulas: 28 Apr 2021,"Hotelnya luas dan bersih. Diberi ruang ujung yang sangat jauh seperti yang diminta untuk kamar dengan pemandangan lebih baik menghadap USS (tapi sayangnya USS ditutup). Parkir mobil jauh, makanya kami mengambil layanan valet gratis. Kolam renang kecil, tapi cukup bagus dengan kolam jacuzzi kecil untuk balita saya. Pintu geser kamar mandi tidak dapat digeser sehingga kami harus mengaktifkan kontraktor untuk memperbaikinya pada pukul 23.30. Keamanan &#39;sangat ketat&#39;, NRIC harus ditunjukkan setiap kali kami naik lift dari lobi ke kamar (yang tidak terjadi di hotel lain yang saya tinggali baru-baru ini di area Orchard dan Marina). Perhatikan bahwa banyak Atraksi dan Restoran tutup setiap Senin hingga Rabu, menghabiskan hari Anda di pulau ini bisa sangat membosankan. Keseluruhan: Menginap yang menyenangkan selama 1 malam."
,klook.com/id/hotels/detail/88417-resorts-world-sentosa--hotel-michael-sg-clean,Dannica,Diulas: 20 Apr 2021,"Waktu check-in terlalu lama, bersiaplah untuk menunggu setidaknya 30 menit"
,klook.com/id/hotels/detail/88417-resorts-world-sentosa--hotel-michael-sg-clean,Madeline,Diulas: 20 Apr 2021,Lokasi nyaman karena dekat dengan sebagian besar atraksi. Kamarnya luas dan nyaman.
,klook.com/id/hotels/detail/88417-resorts-world-sentosa--hotel-michael-sg-clean,Saraswathi,Diulas: 17 Apr 2021,kamar hotel bersih.nyaman untuk dunia resor dan tempat makan.Bisa berkunjung lagi
,klook.com/id/hotels/detail/88417-resorts-world-sentosa--hotel-michael-sg-clean,Wee Lin,Diulas: 13 Apr 2021,Secara keseluruhan bagus tapi check-in meskipun waktu yang dipesan sebelumnya lambat dan lama. Sangat sedikit staf dan terlalu banyak tamu Juga semua tamu harus terdaftar dan maksimal 5 per kamar. Penggunaan kolam renang perlu dipesan sebelumnya juga sehingga harus direncanakan sebelumnya.
,klook.com/id/hotels/detail/88417-resorts-world-sentosa--hotel-michael-sg-clean,Jasmine,Diulas: 9 Apr 2021,Pengalaman yang luar biasa! Check-in dan parkir tidak merepotkan. Situasi lokasi yang sempurna dekat Universal Studio dan Casino
,klook.com/id/hotels/detail/88417-resorts-world-sentosa--hotel-michael-sg-clean,ZHENXIANG,Diulas: 8 Apr 2021,Hanya menggunakan voucher SingapoRediscover. Pergi pada hari kerja. Cukup damai. Ruangan itu bersih. Tempat tidur adalah nyaman. Tidak semua outlet fnb buka karena COVID dan hari kerja
,klook.com/id/hotels/detail/88417-resorts-world-sentosa--hotel-michael-sg-clean,Carissa,Diulas: 7 Apr 2021,Lokasi bagus menginap dan jelajahi Sentosa. Ruangan itu luas dan bersih.
,klook.com/id/hotels/detail/88417-resorts-world-sentosa--hotel-michael-sg-clean,Li Kiang,Diulas: 6 Apr 2021,Ini adalah kedua kalinya kami pergi ke Hotel Michael. Kamarnya besar dan bersih. Staf di sana sangat ramah. Lokasi sangat nyaman. Kami pasti akan kembali lagi.
,klook.com/id/hotels/detail/88417-resorts-world-sentosa--hotel-michael-sg-clean,jia le,Diulas: 31 Mar 2021,kamar bersih dan rapi. AC dingin. lokasinya bagus.
,klook.com/id/hotels/detail/88417-resorts-world-sentosa--hotel-michael-sg-clean,Dennis,Diulas: 29 Mar 2021,"Jika bukan karena voucher Temukan kembali, hotel ini terlalu mahal. Ruangan itu cukup kosong dan mereka bahkan tidak menyediakan surat kabar harian. Saluran TV agak terbatas. Para tamu di kamar lain merokok dan tidak ada tindakan yang diambil. Sinyal wifi di kamar saya juga sangat lemah."
,klook.com/id/hotels/detail/88417-resorts-world-sentosa--hotel-michael-sg-clean,Boon Keong Henry,Diulas: 28 Mar 2021,Parkir mobil terlalu jauh dari hotel. Hotelnya bersih dan stafnya ramah.
,klook.com/id/hotels/detail/88417-resorts-world-sentosa--hotel-michael-sg-clean,Jodie Pua Hong,Diulas: 19 Mar 2021,Kami tidak dapat memesan slot di kolam renang dan tidak dapat menggunakan fasilitas lainnya. Toko-toko di sekitar sebagian besar tutup. Check-in menunggu lama sekitar 1 - 2 jam untuk mendapatkan kamar kami.
,klook.com/id/hotels/detail/88417-resorts-world-sentosa--hotel-michael-sg-clean,Aleka,Diulas: 19 Jan 2021,"Memiliki sarapan comp di sini selama saya tinggal, kamar yang indah, pemandangannya bagus, bersantai setelah hari yang panjang di Sentosa. Mungkin tinggal di sini lagi"
,klook.com/id/hotels/detail/88417-resorts-world-sentosa--hotel-michael-sg-clean,Mei Yan,Diulas: 25 Des 2019,"Staf meja depan sangat profesional, ada banyak orang ketika kami tiba, tetapi mereka juga merespons dengan baik, sopan dan profesional, puas"
,klook.com/id/hotels/detail/88417-resorts-world-sentosa--hotel-michael-sg-clean,Lok Yi,Diulas: 14 Des 2019,"Kamar sangat indah, desain dekorasi lebih baik daripada hotel lain menurut saya, pengaturan stopkontak juga sangat user-friendly, ada stopkontak di setiap sisi tempat tidur. Tapi pemanas air di kamar mandi sangat tidak stabil, selalu dingin saat mencuci, semoga bisa ditingkatkan."
,klook.com/id/hotels/detail/88417-resorts-world-sentosa--hotel-michael-sg-clean,Wai Lam,Diulas: 30 Nov 2019,"Luar biasa, akan datang lagi lain kali"
,klook.com/id/hotels/detail/88417-resorts-world-sentosa--hotel-michael-sg-clean,Tan Ling,Diulas: 30 Nov 2019,"Kamu bisa jalan kaki ke Universal Studios, dan teman-teman yang ingin bermain juga bisa! Kamarnya sangat bersih dan spacenya sangat besar.Saya menginap selama 3 malam dan sangat nyaman. Sangat Puas!"
,klook.com/id/hotels/detail/88417-resorts-world-sentosa--hotel-michael-sg-clean,Man Siu,Diulas: 11 Nov 2019,"Pintu masuknya agak sulit ditemukan, tetapi lokasinya bagus. Selain sarapannya kurang variasi, semuanya enak, kamarnya nyaman, kamar mandinya bersih, dan stafnya profesional. Ketika Anda pergi untuk bermain di seluruh dunia, pilih di sini"
,klook.com/id/hotels/detail/88417-resorts-world-sentosa--hotel-michael-sg-clean,Tsz Lok,Diulas: 2 Nov 2019,"Pelayanannya sangat penuh perhatian yang merupakan standar hotel bintang. Sarapannya enak, terutama buburnya yang sangat enak. Sangat dekat dengan Universal Studios. Secara keseluruhan bagus, adalah pemandangan kamar secara umum."
,klook.com/id/hotels/detail/88417-resorts-world-sentosa--hotel-michael-sg-clean,Wing Sum,Diulas: 24 Okt 2019,"Lokasi bagus! Tapi saya harap variasi sarapannya bisa diperkaya, pilihannya sekarang terlalu sedikit."
,klook.com/id/hotels/detail/88417-resorts-world-sentosa--hotel-michael-sg-clean,Ka Tung,Diulas: 23 Okt 2019,"Kamarnya luas dan stafnya sangat baik. Semua persyaratan kami telah dipenuhi. Teman yang membutuhkan tempat tidur bayi dapat menelepon dan memberi tahu hotel. Mereka semua menyediakannya. Terima kasih kepada mereka, orang dewasa dan anak-anak tidur nyenyak. Sangat menyenangkan bahwa resepsionis menelepon kami terlebih dahulu. Periksa apakah Anda memerlukan layanan kamar .Setelah memilih untuk tidak membutuhkan, Anda tidak akan diganggu sepanjang hari. Pengalamannya luar biasa!"
,klook.com/id/hotels/detail/88417-resorts-world-sentosa--hotel-michael-sg-clean,Julia Larsen,Diulas: 18 Okt 2019,Sangat bagus
,klook.com/id/hotels/detail/88417-resorts-world-sentosa--hotel-michael-sg-clean,Katey Nicholls,Diulas: 20 Sep 2019,"Check-in, layanannya bagus Itu baik. Merlion dapat dilihat dari balkon saya terkesan."
,klook.com/id/hotels/detail/88417-resorts-world-sentosa--hotel-michael-sg-clean,Lemar Sheldon,Diulas: 14 Agt 2019,Hebat
,klook.com/id/hotels/detail/88417-resorts-world-sentosa--hotel-michael-sg-clean,Bevan Salt,Diulas: 11 Agt 2019,"Sangat bagus, 5 menit ke pantai, SEA Aquarium, Adventure Cove Waterpark, pusat perbelanjaan dan kasino"
,klook.com/id/hotels/detail/88417-resorts-world-sentosa--hotel-michael-sg-clean,Kara Bush,Diulas: 7 Agt 2019,"Lokasi bagus persis di Festival Avenue, pergi ke Universal Studios, Aquarium, Merlion Park, makan, dan naik MRT sangat dekat. Satu hal, kecepatan check-in perlu ditingkatkan."
,klook.com/id/hotels/detail/88417-resorts-world-sentosa--hotel-michael-sg-clean,Adele Flower,Diulas: 4 Agt 2019,"Bagus, saya suka gayanya, terutama kamar mandinya, tetapi check-in terlalu lambat. Hotel tidak menyediakan air minum kemasan, Anda dapat pergi ke aula lift untuk mengambil air sendiri. Ini sedikit tidak nyaman."
,klook.com/id/hotels/detail/88417-resorts-world-sentosa--hotel-michael-sg-clean,Bradley Corbett,Diulas: 16 Jul 2019,"Lokasi bagus, dekat halte ekspres Sentosa, sarapan jadi begitu, direkomendasikan untuk makan di luar, Pulau Sentosa adalah surga anak-anak, lokasinya bagus dan cocok untuk membawa anak-anak"
,klook.com/id/hotels/detail/88417-resorts-world-sentosa--hotel-michael-sg-clean,Persephone Heaton,Diulas: 15 Jul 2019,Stafnya ramah dan sangat membantu. Lokasi yang bagus. Sarapan sangat baik.
,klook.com/id/hotels/detail/88417-resorts-world-sentosa--hotel-michael-sg-clean,Aaliya Clarkson,Diulas: 27 Jun 2019,"Lokasi sangat bagus. Hanya lima menit berjalan kaki dari Universal Studios. Karena hotel ini dibangun untuk waktu yang lama, beberapa fasilitas sudah tua, tempat tidur ganda besar, 1,35 meter, satu tempat tidur, cukup untuk tidur dengan anak-anak, dan tiket MRT gratis dimungkinkan, hanya dua halte dari laut, sangat nyaman .Secara pribadi merekomendasikan Adventure Water Park, pilihan terbaik untuk mengajak anak-anak keluar, Anda dapat menyentuh lumba-lumba mengambil gambar, meskipun fotonya mahal, itu sangat berharga!"
,klook.com/id/hotels/detail/88417-resorts-world-sentosa--hotel-michael-sg-clean,Roksana Wilkinson,Diulas: 22 Jun 2019,"Tempat tidur tambahan mungkin lokasi teratas. Sangat nyaman untuk pergi ke pantai, Universal Studios, dan Aquarium dari Sentosa. Harganya juga masuk akal. Saya membawa dua anak di atas 3 tahun untuk sarapan, jadi perlu membayar ekstra. Tetap merekomendasikan~"
,klook.com/id/hotels/detail/88417-resorts-world-sentosa--hotel-michael-sg-clean,Cheyanne Barry,Diulas: 1 Jun 2019,"Lokasi sangat bagus, sangat dekat dengan Universal Studios, sangat nyaman, juga dekat dengan light rail, pintu masuk hotel di bawah tangga, tidak mudah ditemukan."
,klook.com/id/hotels/detail/88417-resorts-world-sentosa--hotel-michael-sg-clean,Stephen Marks,Diulas: 16 Mei 2019,"Dekorasinya sangat unik, tapi agak tua. Dapat dipastikan bahwa ini adalah kamar bebas rokok pada saat check-in, tetapi selalu ada bau asap di toilet. Setelah berkomunikasi dengan meja depan, staf hanya menyemprotkan parfum untuk menyelesaikan masalah."
