Universal Studios Singapore,https://www.tripadvisor.co.id/Attraction_Review-g294264-d2439664-Reviews-Universal_Studios_Singapore-Sentosa_Island.html
S.E.A Aquarium,https://www.tripadvisor.co.id/Attraction_Review-g294264-d4009739-Reviews-S_E_A_Aquarium-Sentosa_Island.html
Skyline Luge Sentosa,https://www.tripadvisor.co.id/Attraction_Review-g294264-d1626904-Reviews-Skyline_Luge_Sentosa-Sentosa_Island.html
Adventure Cove Waterpark,https://www.tripadvisor.co.id/Attraction_Review-g294264-d3747640-Reviews-Adventure_Cove_Waterpark-Sentosa_Island.html
Madame Tussauds,https://www.tripadvisor.co.id/Attraction_Review-g294264-d7178019-Reviews-Madame_Tussauds_Singapore-Sentosa_Island.html
Trick Eye Museum Singapore,https://www.tripadvisor.co.id/Attraction_Review-g294264-d6714698-Reviews-Trick_Eye_Museum_Singapore-Sentosa_Island.html
iFly Singapore,https://www.tripadvisor.co.id/Attraction_Review-g294264-d2180413-Reviews-IFly_Singapore-Sentosa_Island.html
Sentosa 4D AdventureLand,https://www.tripadvisor.co.id/Attraction_Review-g294264-d1936430-Reviews-Sentosa_4D_Adventureland-Sentosa_Island.html
Hydrodash Waterpark,https://www.tripadvisor.co.id/Attraction_Review-g294264-d19944077-Reviews-HydroDash-Sentosa_Island.html
Sentosa Boardwalk,https://www.tripadvisor.co.id/Attraction_Review-g294264-d3475270-Reviews-Sentosa_Boardwalk-Sentosa_Island.html
Palawan Beach,https://www.tripadvisor.co.id/Attraction_Review-g294264-d941828-Reviews-Palawan_Beach-Sentosa_Island.html
Fort Siloso,https://www.tripadvisor.co.id/Attraction_Review-g294264-d324747-Reviews-Fort_Siloso-Sentosa_Island.html
Tanjong Beach,https://www.tripadvisor.co.id/Attraction_Review-g294264-d1891491-Reviews-Tanjong_Beach-Sentosa_Island.html
Sentosa Nature Discovery,https://www.tripadvisor.co.id/Attraction_Review-g294264-d1997267-Reviews-Sentosa_Nature_Discovery-Sentosa_Island.html
Siloso Beach,https://www.tripadvisor.co.id/Attraction_Review-g294264-d1891492-Reviews-Siloso_Beach-Sentosa_Island.html
Wave House Sentosa,https://www.tripadvisor.co.id/Attraction_Review-g294264-d2005250-Reviews-Wave_House_Sentosa-Sentosa_Island.html
KidZania Singapore,https://www.tripadvisor.co.id/Attraction_Review-g294264-d7789437-Reviews-KidZania_Singapore-Sentosa_Island.html
Wings of Time,https://www.tripadvisor.co.id/Attraction_Review-g294264-d1371247-Reviews-Wings_of_Time-Sentosa_Island.html
Tiger Sky Tower,https://www.tripadvisor.co.id/Attraction_Review-g294264-d1892452-Reviews-Tiger_Sky_Tower-Sentosa_Island.html
Butterfly Park & Insect Kingdom,https://www.tripadvisor.co.id/Attraction_Review-g294264-d338375-Reviews-Butterfly_Park_Insect_Kingdom-Sentosa_Island.html
The Maritime Experiential Museum,https://www.tripadvisor.co.id/Attraction_Review-g294264-d1450601-Reviews-The_Maritime_Experiential_Museum-Sentosa_Island.html
Fort Siloso Skywalk,https://www.tripadvisor.co.id/Attraction_Review-g294264-d10876665-Reviews-Fort_Siloso_Skywalk-Sentosa_Island.html
Floating Bridge at Siloso Beach,https://www.tripadvisor.co.id/Attraction_Review-g294264-d7221262-Reviews-Floating_Bridge_at_Siloso_Beach-Sentosa_Island.html
Imbiah Lookout,https://www.tripadvisor.co.id/Attraction_Review-g294264-d13111787-Reviews-Imbiah_Lookout-Sentosa_Island.html
Air Wave House Sentosa,https://www.tripadvisor.co.id/Attraction_Review-g294264-d2005250-Reviews-Wave_House_Sentosa-Sentosa_Island.html
The Sentosa Bus,https://www.tripadvisor.co.id/Attraction_Review-g294264-d8321958-Reviews-The_Sentosa_Bus-Sentosa_Island.html
The Sentosa Express,https://www.tripadvisor.co.id/Attraction_Review-g294264-d1645852-Reviews-The_Sentosa_Express-Sentosa_Island.html
Resort World Sentosa,https://www.tripadvisor.co.id/Attraction_Review-g294264-d2349006-Reviews-Resorts_World_Sentosa-Sentosa_Island.html
HeadRock VR,https://www.tripadvisor.co.id/Attraction_Review-g294264-d15532152-Reviews-HeadRock_VR-Sentosa_Island.html
Magical Shores,https://www.tripadvisor.co.id/Attraction_Review-g294264-d20967937-Reviews-Magical_Shores-Sentosa_Island.html
Southernmost point of Asia,https://www.tripadvisor.co.id/Attraction_Review-g294264-d10225263-Reviews-Southernmost_point_of_Asia-Sentosa_Island.html
SkyHelix Sentosa,https://www.tripadvisor.co.id/Attraction_Review-g294265-d23808268-Reviews-SkyHelix_Sentosa-Singapore.html
