2020-01,viennz,"Sea aqurium ada di pulau sentosa, letaknya dekat universal studio, namun jauh juga jalan nya y  Awalnya masuk dan lihat sepertinya tidak ada yang istimewa seperti seaworld gitu namun masuk kedalam ketemu aquarium yang besarrr banget takjub deh banyak yang duduk2 disana modelnya kayak theatre Seperti akuarium pada umumnya ada show lumba2 juga dan ikan hiu besar2  Oh y tiket dewasa kalo beli go show 41 dolar, cukup mahal ya mending beli di agen deh saya dapat cuma 260 ribu per orang  Rekomen kalo ajak orang tua kemari karena di dalam dingin namun kuat jalan aja"
2019-11,"liwantaris,sh","Sea aquarium merupakan tempat menyenangkan untuk rekreasi keluarga. Terletak di pulau sentosa dekat dengan universal studio , disini ada kolam khusus hiu , khusus ubur2 , lumba2 dan kolam utama yang berisi banyak sekali biota laut . Suasana yang dingin , sembari menikmati dunia bawah laut bikin kamu semakin betah untuk berlama - lama disini. Anak2 juga pasti akan senang sekali untuk menjelajahi dunia bawah laut."
2019-10,Ulvi Rahma,"Keren. Banget. Disini kita bisa liat macem-macem biota laut dari mulai ikan, koral, belut, ubur-ubur dan masih banyak lagi. Keren lah pokoknya."
2019-06,Daniel Sunjaya,Sangat senang bermain di aquarium singapore.........â€¦â€¦â€¦â€¦â€¦â€¦â€¦ Anak2 sangat puas dengan berbagai macam satwa air
2019-03,Andrew Ginting,"Terdapat dalam kawasan Sentosa, S.E.A Aquarium adalah salah satu yang terbaik dari yang saya kunjungi. Terdapat berbagai macam konsep aquarium dari berbagai macam lokasi lautan dan yang paling menarik adalah konsep aquarium open ocean yang benar-benar membuat takjub. Dipastikan akan kembali lagi jika berkunjung ke Singapura"
2019-03,rifandi131,"Terletak di area harbour front sentosa island, kalau pakai monorail dari vivo city adanya di station pertama pas sampai sentosa. Bisa masuk museum maritime experiential dulu di awal sebelum masuk..pada saat awal masuk langsung bertemu hiu, dan selanjutnya adalah koleksi ikan2 karang di seluruh dunia dan ada juga aquarium open ocean yang jadi daya tarik utama karena selain display yang sangat lebar, juga ada interaksi dari diver dengan pari manta dan ikan lainnya"
2018-12,r3ni,"Aquarium terbesar di Asia Tenggara ini sangat menarik dikunjungi bersama keluarga, berbagai jenis biota laut dapat ditemui dan ada beberapa koleksi menarik dan unik. Best time to visit saat feeding time.Tempatnya bersih dan nyaman."
2019-01,Ayu Harry Sundariyati,Kalau berlibur bareng anak anak wajib mengunjunhi S.E.A Aquarium. Disini banyak boita laut yang sangat lucu lucu. Tiketnya bisa dibeli di Indonesia. Dan harganya lebih murah daripada beli OTS.
2018-12,Santia Gardenia Widyaswari,"Waoowww... bagus.. terhibur banget.. bawa anak2 pasti seru ini.. bagus.. banyak kata2 pembelajaran terkait apa yg ada di bawah laut dan hal yg harus dilakukan untuk menjaga biota laut agar terus berkembang dan sehat. anak2 tidak hnya belajar apa yg ada d bawah laut, tp belajar jg bagaimana merawatnya. keren"
2018-11,Hendarwinny S,"Sea Aquarium bagus banget. Kebersihan dijaga. Kaca aquariumnya jg terlihat bersih. Tempatnya jg nyaman n in door. Sehinggu kalau pas hujan, tidak masalah. Macam hewannya jg aneka ragam. Semua aquarium terisi. Tidak ada yg kosong. Ubur2nya kereeennn"
2018-03,Dominic A,"Ini pertama kalinya saya pergi ke aquarium. S.E.A Aquarium benar2 menakjubkan. Kita bisa melihat lebih dari 800 jenis biota laut. Bagi yang membawa anak2, tempat ini juga sangat ramah untuk anak2, mereka pasti sangat menikmatinya. Apalagi pada jam2 tertentu, kita bisa melihat proses memberi makan untuk ikan."
2017-07,emmaliaugust,"S.E.A Aquarium ini tempatnya sangat nyaman dan bersih. Staff nya pun baik dan informatif. Dengan harga tiket sgd 38 untuk dewasa, saya rasa harga tersebut sangat pantas dan tidak mahal."
2018-02,Nuurma,"Pengalaman pertama datang kesini adalag ""wow ternyata aquariumnya gede banget plus kacanya sebening kristal"" norak ya hahaha tapi emang sih ini aquarium bagus banget kalah jauh dah ancol hahhaa, udah gitu lighting juga bagus banget. Pokoknya SEA aquarium ini keren banget, disana terdapat 100 hewan yang lucu-lucu dan aneh-aneh, ada ikan nemo, naga laut, manta ray, jelly fish sampai kepiting moster alaska, kita serasa berada di bawah laut, dan lumayan banget buat photo-photo, sea juga recomended buat yang bawa anak-anak, karena pas disana banyak banget anak-anak dan mereka seneng liat ikan yang sliwar sliwer alias mondar-mandir, liat ikan makan, bahkan bisa liat ikan pup hahaha"
2018-02,Yulianto81,"Dibanding dgn sea world ancol, ini besarnya 2x lipat. Jumlah ikan dan varian nya jg lbih banyak. Klo udah pernah ke sea world ancol sih kesini ga keren2 amat. Cuma lebih lgede dan lebih banyak aja ikan nya"
2017-11,Eva Z,"di tempat ini kita bisa mengetahui segala jenis ikan dan dapat belajar, semua ikan yang ada di dalam bagus bagus dan ada juga ubur2, ikan lumba lumba, cuma sayangnya tutupnya cepet banget jam 7 malam"
2018-01,ttamasya,"Karena tema nya masih jalan jalan dengan anak, saya mengujungi tempat ini, anak anak di bawah 4tahun free alias gratis. Letaknya berada di samping USS. Dari MRT Harbour Front naik ke Lt 3 Vivo City lanjut naik monorail dengan membayar 4sgd per orang dan turun di Waterfront Monorail Station."
2017-12,Putri638,"entah mengapa, saya merasa Seaworld Indonesia lebih bagus. Tumben sekali, biasanya semua yang ada di Singapura cukup membuat kesan. SEA Aquarium ini nggak terlalu."
2016-11,wyona t,"ini aquarium terbesar yang pernah gw kunjungi dan paling bagus, biota lautnya juga beragam jenis dari yang besar sampai yang kecil banget dan colourful banget ikannya, cocok buat wisata dengan anak kecil karna bakalan nambah wawasan nya terhadap biota laut"
2017-08,Ipang,"Saya kesini bersama istri dan anak kembar saya yang berusia 10 bulan. Mereka sangat senang sekali, its a great experience for them."
2016-11,Riandy Aziz,"Ini aquarium terhebat dan terbesar yang saya pernah kunjungi.Adek saya sampai 3x bolak balik masuk keluar untuk melihat ikan.Banyak binatang laut yang tersedia di aquarium ini,beberapa ada yang belum saya pernah liat.Sangat direkomendasikan berkunjung ke sini bila bepergian ke singapura"
2017-07,d_anjars,"Lokasi terletak di Sentosa Island, jika loaksi hotel anda berada di tengah kota, maka perjalanan menuju ke sentisa island bisa ditemouh dgn mrt, bis atau taxi. Kebetulan kali ini kami menggunakan bis dgn destinasi vivocity singapore (mall), kemudian meneruskan perjalan menggunakan sentosa express (kereta cepat) dgn stationnya yg terletak di dlm vivocity di lt.3 (level 3). S.e.a aquarium adalah salah satu wahana favourite di sentosa island, dengan koleksi mahluk bawah air/laut lebih dari 100.000 varian, sangat memberikan kepuasan mata dalam menikmati kebesaran Allah mencipta mahluk2 cantik bawah laut ini. Mulai dari lobster, mantaray fish, aligator fish, dolphin, berbagai jenis hiu, tp sayang saat kunjungan kami kesini kami tidak menemukan sea horse sesuai dengan silabus yg diberikan, krn kemungkinan lokasi penempatan dipindah begitu info dari petugas yg jaga. Huuuhhh sangat disayangkan... Berkeliling hampir 5 jam tidak akan capek anda rasakan krn mata dan pikiran anda akan dibawa berpetualang menikmati kajaiban kehidupan marine worl singapore ini, sayang untuk dilewatkan jika anda berlibur bersama keluarga"
2017-06,onkur,Tempat yang sangat indah terutama ruang terowongan dimana kita akan serasa berada dibawah laut berenang bersama berbagai varian hiu.
2017-06,ayusugi,"Anak saya senang sekali berada di sini, tempatnya adem dan banyak sekali jenis ikan yg ditampilkan. Favorit anak saya adalah aquaroum yg berisi jelly fish yang terkena sinar lampu sehingga jadi warna warni. Anak saya bahkan tidak mau beranjak dari sini selama lebih dari 10 menit"
2017-06,williardi,"ini seperti sea world jakarta, cuma sekitar 2x lebih besar. kamu bisa lihat hiu, lumba-lumba, ubur-ubur & berbagai macam ikan. gak nyesel sih kesini, sempatkan lihat web resminya untuk harga promo nya."
2017-04,Nur Afiqah Tony,Ngga pernah sepi pengunjung.. Tempatnya bersih dan seru.. Kita bisa melihat semua jenis ikan laut hidup yg ada di akuarium.. Mulai dari yg paling kecil sampai yg paling besar.. Ada penjelasan tentang spesies yg kita lihat jg d monitor.. Keren dh pokoknya..
2017-03,Sulaeman Parasian Simamora,SEA Aquarium Singapore tempat yang sangat menyenangkan. Anak-anak saya sangat menyukai banyak nya berbagai-bagai jenis ikan yang ada. Terutama berbagai jenis hiu dan lumba-lumba. Great Place!
2017-04,kharismawans,"Salah satu wahana yang wajib anda kunjungi ketika pergi ke singapore, sentosa island. Wahana ini sangat bersih nyaman, dan menakjubkan. Kita juga dapat berlayar untuk menikmati santapan BBQ diatas kapal dengan paket $200/orang. Banyak variasi ikan dan terdapat feeding time di setiap aquarium jadi nikmati dan tunggu tiap waktunya akan ada feeding time setiap waktunya"
2016-04,LazyFO,"Berkunjung pada January 2015 bersama keluarga - akuarium ini merupakan akuarium terbesar kedua di dunia setelah Dubai. Sayang nya saat itu ikan terbesar di dunia - Hiu Paus, the Shark Whale, tidak ada di akuarium.  Harga ticket sepadan - apalagi bila dibandingkan dengan harga ticket SeaWorld Ancol yang jauh lebih kecil.  In all, akan kembali berkunjung bila ada atraksi baru."
2017-02,Sildanish,"Saya kesana dengan 1 anak dan 1 balita. Anak-anak saya suka sekali dengan sea aquarium. Pada saat kita masuk, kita akan melihat replika kapal laut yang besar sekali. Di bagian depan kapal itu terdapat layar lebar untuk menonton. Setelah scan tiket, terdapat jalur sutera dari penjelajahan kapal tersebut. Pertama adalah Cina, terdapat patung tentang pakaian adat cina, lalu Indonesia terdapat patung tentang tarian adat indonesia. Rempah-rempah yang ada di indonesia. Dan masih banyak negara lainnya. Di aquarium ini terdapat ikan hiu, pari, ikan badut, lumba-lumba dan masih banyak lagi. Akuarium itu terbagi atas akuarium kecil-kecil dan ada 1 akuarium yang sangat besar. Lalu ada kolam dimana kita bisa pegang bintang laut dan teripang. Tempatnya juga full ac sehingga sangat nyaman untuk dikunjungi ğŸ˜Š"
2017-01,suryaty,"masuk kesini lumayan murah dibandingkan masuk ke universal studio, waktu itu dapat tiket masuk dengan harga 24 sgd, resmi 32 kalau tidak slah. masuk disambuat berbagai kebudayaan bangsa bangsa dengan manequinnya. dituntun menuju kebawah masuk ke aquariumnya. dan langsung disambut aquarium besar yang penuh dengan shark (ikan hiu)..keren banget. jalan lebih lanjut banyak akuarium akuarium kecil lain dengan berbagai ikan, kemudian kembali lagi ada aquarium memanjang berbentuk tabung yang super keren, berbagai ikan disana. diakhir ada aquarium raksasa, yang sangat besar, segala ikan hilir mudik disana. saran karena cuaca didalam ac nya sangat dingin, berpakaian lah yang agak tebal, atau bawa jaket. soalnya ayah saya jadi tidak menikmati ada di dalam aquarium karena kedinginan. hehehe. selebihnya ini tempat oke. satu jam sudah bisa keliling semua. diakhir ada pusat jual souvenir, harganya muahalll hehehe"
2016-12,ShandyThe,"snagt cocok sekali untuk mengajak anak kecil bermain sekaligus belajar disini, selain banyak informasi mengenai sejarah perdagangan disingapura juga banyak sekali jenis-jenis ikan diseluruh lautan, jadi sangat menyenangkan dan tidak membosankan."
2016-05,vicagracia,"Tempat yg cocok bagi keluarga, seperti seaworld pada umumnya banyak macam hewan laut di seluruh dunia, di tengah tengah tempat ada sebuah aquarium yg besar sekali rasanya tidak mau pulang"
2016-11,RistaND,"Saya kesana dengan keponakan laki-laki usia 10 tahun. Tempatnya sangat bersih, luas, ikan dan binatang laut lainnya sangat bervariasi dan banyak. Petugas yang ramah dan cukup banyak.  Pada jam-jam tertentu akan ada show memberi makan ikan di aquarium yg besar.  Jika anda ke Pulau Sentosa dan kebetulan hujan atau terlalu panas. Silahkan datang ke SEA Aquarium."
2016-12,miracleocky,Liburan ke sini bersama dengan keluarga . tempat ini sangat bagus . banyak variasi ikan dan binatang laut yang unik . apalgi yang kubah hiu sangat menakjubkan .
2016-05,nadirarizk,"sea aquarium ini tempat yg mnrt saya woooww..krn banyaknya jenis hewan laut..kalau berani kita bisa masuk ke dalam kolamnya..sejenis diving gt..cocok kok untuk pasangan,bersama teman2 dan piknik keluarga..untuk harga masuk kesini gak terlalu mahal kok.."
2015-12,Corryku,"Penasaran banget sama SEA Aquarium yg ada di Singapore, karena ke Taman Impian Jaya Ancol aja belum pernah masuk. hahaha berhubung SIngapore lebih dekat yaa ke sini aja deh, pertama kali masuk ke sini. hmm... buat aq pribadi sih gak seperti yg aq bayangkan yaa awalnyaa cuma liat aquarium kecil2 aja, bosen... Btw ternyata ada 1 Aquarium yg guedeee bangett n tempatnya cozy bangettt buat duduk, ngemil sambil menikmati pemandangan hewan laut di dalam Aquarium Raksasa. love it, someday kesini lagi deh kalo ssii kecil udah gedean dikit ;)"
2016-10,ReynaldyReynaldy,"Atraksi ini terletak di pulau Sentosa yang memang banyak terdapat atraksi-atraksi hiburan di Singapura. Untuk ukuran kolam mungkin tidak sebesar di Osaka, namun pengaturan alur proses jalan dan penjelasan dari masing-masing biota laut cukup jelas. Terdapat juga waktu memberi makan sehingga dapat melihat momen yang jarang terlihat. Cocok untuk menghabiskan waktu santai selama liburan."
2016-10,hendra,"Berlokasi di sentosa island, cukup mudah di jangkau, untuk menuju ke aquarium ini bisa menggunakan monorail dan turun di waterfront station sentosa. SEA aquarium menampilkan berbagai macam jenis biota laut dan perairan yang dibagi dalam beberapa zona laut, cocok untuk menambah pengetahuan tentang keanekaragaman hayati. Akan tetapi aquarium ini kurang greget dan kurang atraktif, sehingga kesannya monoton, selain itu aquarium utama juga mengecewakan dan tidak sesuai dengan harapan. Harga tiket yang ditawarkan cukup terjangkau, walau harga yang dibayar tidak sesuai dengan harapan. Disarankan untuk membeli tiket bundling dengan atraksi lain yang ada di sentosa, tiket bundling biasanya lebih hemat."
2016-10,imgar,"Lokasi Berada di sentosa island. Tidak begitu jauh dari universal studios  Aquarium Sebelum masuk dan menikmati berbagai macam ikan, kita harus melewati area ruang pamer dan museum telebih dahulu. Berbagai daerah dan negara. Lengkap dengan ke khas an daerah tersebut.  Masuk ke tunnel aquarium. Tapi tidak begitu panjang tunnel nya. Agak di luar ekspektasi. Berharap nya tunnel nya panjang dan luas  Berbagai macam ikan berada di banyak aquarium. Aquarium utama nya ternyata tidak sebesar dan semegah yang berada di seaworld ancol. Mungkin disini koleksi nya aja yang lebih banyak dan packaging dan display nya yamg ditata lebih menarik.  Tapi overall.. Agak di luar ekspektasi dan kurang puas.."
2016-10,Imam S,"Berada di dalam S.E.A Aquarium seperti berada di bawah kerajaan ikan. Saya sangat menyukai kolam hiu, hiunya sangat banyak. Selain itu saya sangat menyukai ubur ubur, namun ada satu yg tidak saya temukan di dalam adalah gurita....."
2016-04,Agung Tjahjadi,"S.E.A. Aquarium yang terletak di pulau sentosa memang sangat luar biasa, dari penataan awal diamana pengunjung di bawa dulu ke musium sejarah maritim, kemudian baru dibawa masuk kedalam aquarium kecil-kecil dengan berbagai jenis ikan, dan puncaknya dihadapkan pada sebuah akuarium raksasa yang sangat mentakjubkan, besar sekali dengan ikan-ikan yang bermacam-macam dari yang kecil hingga yang besar rasanya benar-benar berada dibawah laut"
2015-09,fitria_fkd,"Kalau di indonesia ini adalah seaworld versi besar.. Lokasi tmpt ini ada di pulau sentosa,samping2an dgn universal studio.. Begitu masuk ada kapal besar dan ada film dokumenter mengenai lautnya..museum barang2 yg berhubungan dengan kelautan lah.. Disini kolam nya besar sekali dan kita bs jalan di bawah kolam dengan ikan yg indah dan besar2..dan jalanan bawah kolamnya juga panjang..ada ubur2 warna warni,ikan pari dan jenis2 hewan air lainnya..ada jg kolam yg bs megang2 ikan dan bintang laut.."
2016-07,arvinpw,"S.E.A. Aquarium tidak sekedar mempertunjukkan ikan-ikan saja, tetapi juga memberikan edukasi mengenai ikan-ikan yang dipamerkan, sehingga pengunjung mendapatkan wawasan yang lebih banyak. Terdapat juga aktrasi utama dimana para penyelam memberikan ikan-ikan yang sangat banyak. Sungguh pemandangan yang tidak dapat dilupakan."
2016-06,R_Arya_Sanjaya,Aquarium raksasa dengan penataan yang luar biasa (Indonesia perlu mencontoh dengan merenovasi Sea World di Jakarta menjadi lebih baik lagi). Masing2 aquarium kecil diisi dengan berbagai jenis ikan dan satwa laut lainnya yang terbagi2 menurut habitatnya. Penataannya sangat rapi. Sangat cocok dinikmati bersama keluarga terutama anak2. Anak saya sangat senang sekali melihat berbagai macam jenis ikan dan satwa lainnya. Juga ada kesempatan untuk berfoto dengan maskot tempat ini. Souvenir dan makanan relatif mahal bagi kami. Jadi kami membeli souvenir secukupnya dan makan di food court Sentosa.
2016-08,Nickmozen,"sempat mikir tempat nya kecil dan sebentar saja di sini, tapi setelah masuk ternyata sangat besar dan ikan nya bervariasi tapi yang paling menakjubkan adalah ubur2nya keren banget dan juga akuarium buletnya sama persis di film Dory... bagus"
2016-01,Issa P,"Sebelum masuk ke aquarium, kita harus melalui Maritime museum. Di sini kita bisa liat sejarah kemaritiman Singapore. Setelah itu, baru kita masuk ke aquarium. Di sini kita bisa melihat berbagai macam binatang laut. Saya sangat suka dengan aquarium raksasa yang berada di tengah. Terasa damai melihat banyak ikan berenang sambil duduk lesehan. Rasanya seperti berada di dalam laut. Lokasi S.E.A Aquarium ini berada satu komplek dengan Universal Studio. Klo naik Sentosa Express, turun di Waterfront station."
2016-07,PoppySh,"berada disini berasa berada di bawah laut. menyaksikan aneka ragam biota laut dari dekat tanpa harus susah menyelam. Dan ketika menyaksikan penyelam di kolam besar, sangat membangkitkan selera untuk kembali menyelam."
2016-07,nekoyuki,"SEA Aquarium berada di kawasan Waterfront, Sentosa Island. Sangat dekat dengan USS, kasino dan restoran. Untuk mengurangi waktu antrian, tiket dapat dibeli secara online sebelumnya dan cukup membawa print out pdf tiket per orang untuk memasuki wahana. Anak-anak maupun orang dewasa dapat menikmati wahana ini. Anak-anak dan orang tua sebaiknya dipersiapkan sebelumnya karena lokasi cukup luas dan berjalan kaki cukup jauh, tetapi tidak perlu khawatir karena toilet dan tempat istirahat tersedia cukup banyak di dalam."
2016-07,Arystanto T,Terletak di dekat universal studio disana kita bisa melihat banyak jenis ikan ikan serta pengetahuan pengetahuan perikanan dengan susana santai dan menyenangkan
2015-08,arik_mahe,"Aquarium ini terletak di komplek sentosa dekat universal studio... Koleksinya sangat lengkap, tetapi pengunjungnya sangat ramai...walaupun disaat bukan musim libur...  Untuk menjaga kenyamanan, jumlah pengunjung yang ada di dalam sangat dibatasi namun tetap ramai dan sesak... Antrian untuk bisa masuk sangat panjang, tetapi jika anda ingin mendapatkan prioritas, tanpa antri berlama-lama, pengelola menyediakan eksek prioritas dengan membayar beberapa dolar singapore (saya agak lupa nilainya...)"
2016-05,iwan78,Akuarium yang benar-benar sangat besar dengan jenis hewan laut yang lengkap. Pada saat itu kebetulan ada beberapa karyawan yang sedang menyelam & membersihkan kaca akuarium di tempat para hiu. Sebenarnya menakutkan juga melihatnya tapi keren juga karena mereka mengajak foto selfie bersama kami. Hahaha...
2016-04,Fetty L,"Di awal masuk kedalam venue, terdapat sejumlah sejarah yang berkaitan dengan Singapura. Termasuk adanya kapal besar yang berasal dari Indonesia. Sejumlah permainan digital juga dapat dilakukan sebelum pengunjung masuk ke area aquarium.  Pada venue aquarium, berbagai biota dan hewan laut dipamerkan. Pengunjung juga dapat memperoleh informasi terkait biota dan hewan laut.  Terdapat pusat penjualan souvenir bagus, hanya saja harganya cukup mahal."
2015-07,NewRubbersM,"Aquariumnya mewah dan bersih, ada banyak hewan laut yang bisa kita temukan di sana. Di jam-jam tertentu ada atraksi mengesankan para diver dengan hewan-hewan di aquarium."
2016-05,Yossi F,"Jika dibandingkan dengan sea world yang ada di Indonesia, lebih menarik sea world. tapi untuk design interior sedikit lebih modern dari sea world. Untuk keragaman jenis ikan juga lebih banyak seaworld. untuk hraga tiket masuk waktu itu sekitar 60-70 dollar singapore kalau tidak salah."
2016-04,fantapink,"Ini adalah kunjungan kami yang kedua, akan tetapi anak-anak tidak pernah merasa bosan! Banyak hewan dan biota laut yang sangat menarik."
2016-04,EkoAhadyat,"Aquarium ini cukup besar, namun harga tiket masuknya lumayan mahal. Biota laut yang terdapat di dalamnya banyak dan beragam. Dengan mengikuti jalur observasi, kita akan disuguhkan dengan tema-tema secara sistematik sehingga memberikan pengetahuan yang lebih mendalam dan bermanfaat, namun bila kita tidak terlalu memperdulikan tentang ""pembelajaran""nya, berada di aquarium ini cukup bisa memberikan rasa takjub dan tenang walaupun tidak se""wah"" apa yang disajikan pada banner untuk promosi."
2015-07,Edgina09,Akuariumnya cukup luas disini dan menampung berbagai jenis binatang laut. Mulai dari Ubur-ubur sampai ikan hiu. Cocok untuk dikunjungi bersama keluarga dan direkomendasikan kepada para wisatawan yang ingin berkunjung ke Sentosa Resort World disarankan untuk mengunjungi tempat ini juga.
2016-03,Ratih Listyana C,"Ketika melewati pintu masuk, kita akan dipamerkan beberapa karya seni bersejarah dari beberapa negara. Ketika menuju Dome, kita akan disuguhkan ribuan ikan yang berenang. Tapi sayang, jenis ikan yang ada di sini, tidak sebanyak di Sea World Jakarta. Penataannya pun kurang bagus. Tidak seperti Sea World Jakarta yang memiliki alur di mana di akhir perjalanan, pengunjung bisa langsung keluar atau kembali lagi melihat-lihat koleksi aquarium. Di SEA Aquarium ini kita harus kembali lagi ke atas jika ingin keluar. Cukup merepotkan."
2016-03,benjaminlesmana,Tempat ini wajib dikunjungi jika anda ada berada di pulau Sentosa. Di dalam terdapat berbagai ukuran akuarium dan terisi dgn ikan istimewa. Merupakan salah satu akuarium terbesar di Asia. Lokasi bisa dijumpai dekat Waterfront station.
2016-03,vazalia,"Aquarium nya luas dan besar sekali, varietas ikan dan hewan laut lengkap, anak dan orang dewasa senang berada disini, tempatnya pun nyaman cocok untuk wisata keluarga."
2015-09,Ling2_91,"Pengen lagi ke sini.... tempatnya bersih, ikan nya bagus-bagus... kita bisa berfoto bergantian,, penduduk setempat ramah-ramah."
2016-03,M Gilang S,"tempat ini nyamann, dingin, ngga crowded, banyak variasi binatang lautt, aquarium sebesar imax, seaworld kalah jauh pokoknyaaa"
2016-02,Widi Andini S,Lokasi dekat dengan USS namun perlu waktu seharian untuk mengeksplore tempat ini. Koleksi hewan air yang lengkap. Sangat menarik dan banyak yang bisa dipelajari. Ada atraksi memberi makan hewan setiap jam 3 sore. Ubur-ubur dan Manta Ray koleksi favorite saya.
2016-02,helen_dianawati,"S.E.A. Aquarium merupakan pilihan yang tepat buat saya ketika berkunjung ke Sentosa kali ini. Saya bisa melihat lebih dekat ikan-ikan dan hewan-hewan laut lainnya. Benar-benar seperti naik kapal selam. Bermacam ikan, ubur-ubur, bintang laut, dan masih banyak lagi membuat saya betah berlama-lama di tempat ini. Pastikan baterai kamera dan handphone anda cukup, karena banyak hal menarik yang ingin anda foto disini."
2015-09,gracemutiara,"coba kunjungi SEA Aquarium ini, usahakan di hari yang terpisah dengan kunjungan anda ke USS. walaupun jarak mereka dekat. melipirlah ke area koleksi ubu-ubur. selamat menikmati kecantikan mereka. perhatikan juga jadwal atraksi atau pemberian makan ikan. kemarin saya terlewat."
2016-01,Annastasia O,"Saya sangat senang dapat berkunjung ke tempat ini, karena saya menyukai ikan dan hewan laut lainnya.. Bermacam-macam ikan yang dapat ditemui disini. salah satunya lumba-lumba hewan favorit saya.. sungguh menyenangkan sekali dan saya sangat menikmati waktu saya disini."
2015-06,NewRubbersM,"Tempat wisata yang sangat bagus untuk keluarga, semua bisa menikmati, ada atraksi yang sangat menarik pada jam-jam tertentu."
2015-11,988yani,"2300115485, SURYANI SOFIAN, didalam aquarium raksasa ini bisa membuat kita takjub, sangat cocok buat segala kalangan usia dan tidak membuat kita lupa akan waktu."
2015-08,Frans L,SEA Aqaurium terletak tepat di samping dari Universal Studio Singapura. Di dalamnya anda dapat menyaksikan berbagai biota laut yang menabjubkan!!
2016-02,Elramdhani,"Untuk yang suka ikan, dan untuk anak anak yang belum berani main main yang terlalu ekstrim, liat aquarium ini bisa jadi rekomendasi buat anak anak. Lokasinya di sentosa cukup dijangkau dengan monorel dan cuma dengan pemberhentian sekali saja. Satu lokasi dengan USS singapore. Tersedia jg macem2 suvenir.."
2015-10,Risnofebriyanto,Sea aquarium berlokasi di resort world sentosa. Jika anda menggunakan monorail anda dapat turun di waterfront station. Aneka biota laut dan ikan ikan ada di aquarium raksasa seperti di habitat aslinya. Bagus dan sangat menarij. Terdapat pula restoran dengan aquarium di sekelilingnya. Ada juga pemutaran film dan aneka miniatur budaya dari negara-negara tetangga.
2016-01,bgsyudi,"Tempat sangat luas dan lengkap, sangat cocok untuk wisata bersama keluarga apalagi dengan anak-anak. Harga tiket lumayan mahal. Tidak ada atraksi yang istimewa, bagi orang dewasa mungkin akan membosankan."
2015-03,bang_jojo,"melihat satwa laut dari kutub utara dan selatan tersedia disini, souvenir juga ada dan semuanya sepadan dengan bayarannya"
2015-12,Indah78,"Sangat menarik untuk keluarga dengan melihat ikan yang bermacam macam didalam aquarium,serta adanya pertunjukan orang menyelam didalam aquarium dengan kostum santa karena kebetulan saya berkunjung di bln Des.Pengunjung sangat ramai sehingga agak sulit berfoto.Tetapi cukup menghibur"
2015-02,fraskie,Saya seorang pecinta binatang.. pasti setiap keluar negeri harus berkunjung ke See World.. untuk di SG sea worldnya aquariumnya besar.. dan lebih besar yg ada di jakarta. keunggulanya selain bisa lihat ikan tp ada teater 4d yg keren bgt... tp sea world indo tidak kalah karena ikan kita jenisnya lebih banyak.. saya melihat ikan hiunya kurang agresif dan terowongan kacanya ga terlalu panjang. tapi nilai plusnya ada objek foto keren seperti bahtera nabi nuh.. soo penasaran coba aja..
2015-02,Afif83,"Kami mendatangani tempat ini pertama kali tahun 2014, awalnya kami antusias berharap pengalaman yang menakjubkan tetapi kenyataannya tempat ini tidak terlalu istimewa mungkin karena luasnya yang tidak terlalu besar sehingga kami merasa koleksi ikannya tidak terlalu banyak lebih banyak pemandangan sejarah maritime Singapore seperti kapal-kapal pedagang cina tempo dulu dan sejarah penyebaran dinasti cina. Mudah-mudahan ke depannya akan ada perbaikan agar bisa menjadi tujuan selain Universal Studio."
2015-12,Ulenk W,"Tau dong sea world Ancol, tempat ini seperti itu tapi jauh lebih besar, jauh lebih bagus dan lebih baru. Sangat baik mengajak anak anak ke sea aquarium"
2015-11,Tyas_Cute,"mengunjungi aquarium terbesar di Asia, pengalaman yg seru melihat berbagai jenis ikan. paling menyenangkan melihat kolam lumba-lumba"
2015-08,Gr4c3mf,"Tempatnya cukup besar, ditata sedemikian rupa sehingga memberi pengalaman yg menyenangkan. Diawali dgn pameran kebudayaan..kemudian masuk ke bagian gift shop. Ada terowongan dimana kita merasa di bawah laut dikelilingi ikan2 hiu. Koleksi satwa lautnya banyak sekali, mulai dr berbagai jenis ikan besar dan kecil. Ubur2 dgn warna yg indah, gurita raksasa, lobster, kepiting, bahkan bisa melihat lumba2, ada atraksi jg bahkan bisa menyentuh bintang laut!! Sangat menarik untuk anak2 bahkan orang dewasa sekalipun. Hanya saja untuk harga foto yg bisa kita beli dgn background sea aquarium sy rasa overprice. 1 foto ukuran 4R saat itu ditawarkan sekitar 250rb rupiah. Tp jk kita tdk mau tdk usah diambil tdk apa2."
2015-10,cicilala,"Sea Quarium terletak di resort world sentosa. Untuk mengujungi sea aquarium bisa mengggunakan MRT turun di Harbourfront Statiun. Kemudian memgikuti papan petunjuk naik ke vivo city mall di Lt 3 dengan menggunakan lift. Untuk menuju Resoert world, anda bisa menggunakan monorail dengan biaya 4 SGD PP, dan turun di pemberhentian pertama waterfront station.  Sea Aquarium menyediakan berbagai jenis biota laut, dan berbagai macam spesias ikan yang dibuat seperti habitat aslinya. lokasi ini bagus bagi anda pengujung yang membawa anak-anak> tiket bisa dibeli secara online dengan harga lebih murah. Selain aquarium dengan berbagai macam jenis ikan, disediakan pula pertunjukan film dan berbagai macam reflika biota laut."
2015-10,482wiwi,"Tiket dapat dibeli secara online. Dekat dengan universal studio. Banyak biota laut dari berbagai wilayah, dan terdapat display aquarium yang sangat besar."
2015-11,wul4n82,Tempat yang menyenangkan jika berlibur dengan Anak dibawah 3thn. Banyak biota laut dari berbagai wilayah dan kedalaman air. Open ocean adalah bagian yang paling menyenangkan dari tempat ini dengan aquarium yang besar seolah2 kita sedang berada didalam laut.
2015-10,eko_tj,"terletak di dekat universal studio tempatnya besar dan luas, berbagai jenis biota laut dapat dilihat disini. display aquarium sangat besar dan sangat menarik. mirip-mirip seaworld di Indonesia namun kemasan dan penyajiannya jauh lebih menarik. sangat layak dikunjungi, terutama untuk keluarga dengan anak-anak dari kecil hingga remaja."
2015-09,diditadityasandra,"Masuk SEA Aquarium setelah dari USS sangat menyejukan,didalam full AC dan banyak koleksi ikan yang biasanya hanya melihat di TV,banyak edukasi yang bisa di dapat di sini,apalagi anak anak suka sekali lihat ikan,kami sangat senang disana"
2015-10,apptari,gilaaaa! epic parah ini aquarium! salah satu tujuan ke singapore ya kesini walaupun di indo ada seaworld tapi ya beda banget lah keren banget dan gue suka banget sama kehidupan underwater soooo that's a cool place!
2014-12,Suwito C,SEA Aquarium merupakan salah satu akuarium terbesar yang pernah kami kunjungi. berbagai hewan laut dapat kita temukan dari berbagai belahan dunia. Sangat cocok untuk liburan dan hiburan keluarga.
2015-11,itsmeshinta,"Tidak salah memang kalau dibilang ini akuarium terbesar seAsia Tenggara. My kids love here.. Semua bisa mereka lihat dan rasakan (ada kolam touch n feel). Memang, ini sama saja kayak kita pergi ke Sea World di Ancol (yang sekarang sudah tutup). Tapi tetap saja ""feel""nya beda. Tempat yang paling favorit adalah di depan akuarium raksasa."
2015-10,Theresia151,"Memasuki S.E.A. Aquarium,, anda diajak memasuki keajaiban dunia bawah laut yang luar biasa, dengan keberagaman jenis ikan, karang, dan penghuni laut lainnya. Dengan aquariumnya yang super besar, air yang jernih, kaca yang bening, dan pencahayaan yang bagus akan membuat kita serasa benar-benar sedang berada di dalam kerajaan laut. Keterangan di setiap aquarium juga menambah pengetahuan kita.  S.E.A. Aquarium ini terbagi menjadi beberapa area, antara lain : area Strait of Karimata & Java Sea : di sini kita bisa melihat ""terumbu"" yang terbuat dari kapal karam yang dihuni oleh banyak jenis ikan seperti ikan pompano,  area Strait of Malacca & Andaman Sea : di area ini kita diajak untuk menginjak lantai yang terbuat dari kaca bening dan di bawahnya terlihat berbagai ikan besar yang sepertinya merupakan predator. Di area ini juga terdapat Discovery Touch Pool, di mana kita bisa memegang langsung makhluk laut tertentu yang pastinya tidak berbahaya seperti bintang laut dan sea cucumber.  area Bay of Bengal & Laccadive Sea : kita bisa menemui satwa penghuni mangrove seperti mudskipper.  area Ocean Journey : di area ini pencahayaan menjadi lebih gelap; kita bisa menjumpai lumba-lumba, kepiting laba-laba raksasa/Japanese giant spider crab, nautilus, serta berbagai jenis ubur-ubur, giant octopus.  area Open Ocean : tibalah kita di pusat aquarium,, di sini kita bisa melihat aquarium raksasa yang panjang dan lebar sekali : 36 meter x 8.3 meter, cobalah untuk duduk di lantai paling bawah mendekati kaca aquarium, anda akan rasakan sendiri sensasinya, di mana jarak antara anda dan manta ray ""hanya"" dipisahkan oleh kaca. Di area ini kita dengan mudah bisa melihat spesies manta ray yang dengan anggunnya melayang-layang di laut dengan ""sirip"" lebarnya yang berwarna hitam, rombongan ikan-ikan kecil (school of fishes) berbaris rapi, guitarfish yang berada di dasar aqarium berbaring dengan tenangnya, zebra shark, dan berbagai jenis ikan lainnya yang saya tidak tahu lagi namanya. Waktu benar-benar tidak terasa saat duduk di area ini, menyaksikan bagaimana indahnya mobilitas kehidupan dalam laut."
2015-10,Zequilinia,"wajib sekali masuk ke sini karena banyak pengetahuan yang bisa kita dapat. banyak hewan yang tidak pernah kita lihat dan menakjubkan, apalagi tempatnya sangat luas sekali."
2015-02,yustinarini,"saya senang mengajak anak saya kesini. cuma pegel juga ya areanya luas banget. paling mengesankan saat melihat aquarium raksasa. kayak lihat bioskop hidup tentang kehidupan laut. langsung deh merasa kecil banget jadi orang. Tuhan The Great Creator. Recomended, ada bioskop juga di kapal nuh."
2015-04,billylomb,"merasakan seperti di dalam air, bersama ikan-ikan mulai dari yang lucu sampai ikan karnivora, akan lebih asik bersama keluarga dan menyaksikan bersama dengan kesenangan bersama, berlokasi dekat universal studio."
2015-09,Khiko Rayesmara,"Meskipun menjadi akuarium terbesar di Asia Tenggara, tidak banyak hal yang dapat anda lakukan didalam SEA Aquarium. Yang menarik hanyalah theter laut yang sangat besar dan selalu ramai saat terdapat proses memberi makan ikan. Selain itu tidak ada yang spesial."
2015-08,Frans L,SEA Aqaurium...pusat wahana laut yang baru di Singapura....terletak dekat dengan Universal Studio Singapura
2015-07,Johny J,banyak tempat yang bisa dilihat dari yang outdoor sampai indoor dan ruangannya gelap sekali. sesekali kita bisa melihat para penyelam memelihara merawat memberi makan dan lain-lain pengalaman yang mengasyikkan dan ruangannya ber ac kita bisa melihat satwa air bahkan memegang hewan tertentu. enjoy aja
2015-02,Arika_Nov,"Dua kali mengunjungi Sea aquarium dan sangat menikmati kunjungan ke sana. Sebagai pecinta biota laut, saya mendapati koleksi biota di Sea aquarium cukup variatif. Akuarium terbesar yang berisi Pari Manta menjadi selalu membuat kami betah berlama-lama di sana. Kolam sentuh yang disediakan cukup informatif walau kecil. Biota-biota menarik lainnya antara lain kepiting laba-laba dan nautilus. Koleksi hiu terbatas pada hiu sirip hitam, sirip putih, hiu buto (tawny nurse), dan hiu martil seperti yang bisa kita temui di akuariun yang ada di Indonesia. Hal yang menarik adalah sebelum memasuki Sea Aquarium kita juga harus melewati Museum Maritim sehingga pengalaman ini bisa memperkaya pengetahuan tidak hanya mengenai biota laut tetapi juga sejarah kemaritiman Singapura. Secara keseluruhan merupakan obyek wisata yang menarik dan patut dikunjungi, terutama untuk keluarga dengan anak-anak kecil."
2015-07,Rudwij,"Aktifitas sampingan dari Universal Studio Singapore (USS), disarankan mengunjungi akuarium ini dulu (menghabiskan waktu sekitar 2 jam) baru mengunjungi USS. Berisi banyak macam binatang laut, dan terdapat 1 area dimana kita dapat menyentuh bintang laut . Sangat cocok untuk keluarga yang membawa anak berusia 7 - 15 tahun, untuk mempelajari mengenai kehidupan laut. Akuarium besarnya kurang berisi ikan - ikan besar."
2015-08,WahyusFamily,"aquarium raksasa beserta biota laut di dalamnya sangat menarik, terutama bagi anak saya karena dalam menyaksikan berbagai jenis ikan yang berenang kesana kemari. namun cara berkeliling yang seperti mengelilingi labirin sedikit melelahkan bagi anak kecil, meskipun cukup atraktif karena beberapa biota laut di kelompokan sesuai jenisnya. datanglah lebih awal sehingga dapat menikmati keindahannya tanpa perlu berdesakan dengan pengunjung lain, terutama bagi kita yang akan berfoto. Banyaknya pengunjung dalam lorong-lorong membuat ruangan sedikit pengap meskipun tersedia penyejuk udara."
2015-03,Ica-elisa,"Aquarium disini sangat bagus, tapi kalo menurut saya disini lumayan membosankan. Ada beberapa aquarium dimana pengunjung diperbolehkan untuk masukan air ke dalam dan memegang hewan laut. Untuk kunjungan keluarga, disini sangatlah cocok. Anak2 pasti akan suka dengan tempat ini."
2015-07,Gita_N2014,"Sebenarnya saya kagum dengan keragaman ikan dan karang yang ada, namun membayangkan sedemikian banyak karang dan ikan yang diambil dari habitat asli rasanya miris. sebaiknya mengunjungi SEA Aquarium jangan pada saat liburan karena di setiap window dipadati dengan wisatawan yang sibuk ber-selfie :("
2014-09,AninditaTj,"Saya paling suka bawa anak saya kesini Aquarium indoor yg cukup besar, tapi menurut saya ya sama aja dengan Aquarium di negara lainnya Yg paling keren, ada tempat sebesar IMAX bioskop, semua aquarium besar sekali LUAR BIASA BESAR enak buat bersantai, pacaran, dll"
2014-11,Roswita A,"Mungkin karena saya pergi di hari Sabtu, suasana sangat penuh sehingga kurang nyaman bagi anak2 saya. Yang istimewa hanyalah aquariumnya berukuran sangat besar, selebih ya biasa saja"
2015-07,m47on,"Kebetulan berkunjung sedang panas-panasnya, bisa sekalian ngadem di dalam akuarium ini. Saran saya, bayar tambah $2 untuk menikmati Typhoon Theater karena ini ada cerita tentang akuariumnya, kita juga masuk akan melihat kapal karam yg jadi satu dengan cerita Typhoon Theater. Saya bayar Theater gratis karena jadi member RWS"
2015-07,neko_de_cho,"Indah, tempat ini memang wajib dikunjungi saat berwisata ke Pulau Sentosa, namun tetap saja melihat biota air yang dikurung didalam akuarium kecil terasa sangat menyedihkan, apalagi akuariumnya tidak terlalu besar untuk mempertontonkan ekosistem per-perairan yang ada di seluruh benua kecuali Antartika. Jangan mengharapkan kunjungan yang sepi dengan wisatawan. Ketidak nyamanan lainnya adalah wisatawan yang mengambil foto terlalu dekat dengan kaca akuarium sehingga tidak bisa menikmati pemandangan yang ada di dalamnya :("
2015-06,Tandri T,"Akuarium ini cocok untuk dikunjungi bersama keluarga anda, terutama bersama anak-anak karena banyak variasi hewan laut yang ada di akuarium ini. Koleksi hewan laut yang lengkap dengan penataan dan pencahayaan yang amat baik akan menciptakan pengalaman tak terlupakan bagi anda."
2014-07,peter0979,"koleksi-koleksi binatang lautnya sangat unik daan besar-besar, jangan lupa coba lalui lorong bawah airnya, sangat mengasyikan. Saya recommend untuk ketempat ini jadikan satu ppaket dengan universal studio, dua tenpat ini bisa dikunjungi dalam 1 hari kalau dari pagi sampai malam"
2015-05,Andy N,"Tempat ini merupakan aquarium terbesar di dunia, dan sangat tidak mengecewakan! Beragam habitat laut tersedia di sini, juga dengan penjelasan yang sangat informatis. Fasilitas juga terawat dengan baik. Akan kembali lagi ke sini."
2014-06,Bigu2016,Saya mengunjungi S.E.A. Aquarium dengan anak saya dua tahun yang lalu dan menurut saya Aquarium disini merupakan salah satu aquarium yang terbesar dan terbaik dengan hewan-hewan laut yang sangat banyak ragamnya dan sangat indah.
2015-02,735devi,"Salah satu aquarium terbesar di dunia, ikannya sangat banyak, bentuknya lucu dan warna-warni. Fasilitasnya OK banget, sejuk dan nyaman. Lightingnya keren banget, sehingga bikin terumbu karang kelihatan lebih cantik. Banyak tempat untuk foto yang menarik."
2015-05,m3_ai2,"Jika membawa anak kecil, tidak usah khawatir karena ada lintasan stroller yang sangat memudahkan. Anak kecil senang sekali melihat beranekaragam ikan"
2014-12,Dharma K,"Wah ini sea aquarium yang di tungu2 oleh anak menantu dan cucu saya. Ikan dll yg membuat kita terbelalak banyak ragam dan menambah wawasan tentang ikan dllnya. Betul2 bersifat internasional. Jaraknya dekat dengan uss sekutar 400 meter. Pokoknya siip buat semua umur. Kita akan balik lagi meskipun sudah 3 kali kesana, karena setiap 2 tahun wahananya ada yang baru."
2014-05,Ikrar W,Saya suka tempat ini. Karena tempat ini begitu tenang dan menyejukkan. Favorit saya adalah akuarium ubur-ubur dan pastinya panel kaca akuarium terbesar yang pernah saya lihat.
2015-02,Finn555,"SEA Aquarium dipenuhi dengan berbagai macam ikan beraneka warna dan jenis. Di sini, kita dapat menyentuh bintang laut. Aquarium-aquarium besar (dari lantai sampai langit-langit) menyuguhkan pemandangan yang menawan. Cocok untuk pembelajaran anak kecil juga."
2015-03,Steven P,"Di tempat ini kamu bisa melihat aquarium raksasa!. Di sini terdapat ratusan spesies laut yang mempesona. Dibandingkan dengan river safari, sea aquarium menampilkan hewan laut sementara river safari dari air tawar"
2014-05,Vrita,"Wisata ini cocok utk keluarga yang membawa anak anak, pada awal masuk kita akan disuguhi berbagai kebudayaan maritim dari berbagai negara. Setelah itu masuk ke terowongan kaca besar yang berisi berbagai macam ikan dan yang paling menarik perhatian ikan pari, ada juga kolam sentuh seperti bintang laut, aquarium besar lumba-lumba, dll. Setiap aquarium dilengkapi dengan penjelasan dari tiap2 ikan, sehingga pengunjung bisa tahu lebih dalam mengenai karakteristik dari tiap2 hewan laut tersebut."
2014-10,Oni O,Tempat yang sangat cocok untuk rekreasi dengan anak - anak Positif : melihat aneka ragam ikan dan tempat yang bagus Negatif : bosan dan mahal
2015-01,Remmydius,"Salah satu tujuan wisata yang wajib didatangi di Singapura. Terletak di pusat hiburan Singapura, Resort World Sentosa. Ada ribuan ikan, di dalam Aquarium yang sangat besar, mulai dari ikan yang kecil sampai besar. Apabila anda membawa anak-anak ke Singapura, maka tempat ini wajib didatangi"
2014-12,Randhika S,Sea world ini sangat bagus untuk dijadikan wisata bersama keluarga. Terutama yang memiliki anak2. Sebab anak2 mendapatkan ilmu pengetahuan tentang aneka jenis ikan yang ada di dunia. Selain itu tempat nya juga sangat bagus. Bahkan di depan sebelum memasuki aquarium. Sea word singapore menempatkan budaya minangkabau di salah satu stand nya.
2014-06,aria h,"Awalnya saat diajak ke sini, saya kira saya akan melihat pemandangan air dan akuarium seperti yang ada di Jakarta.Ternyata, akuarium di sini berukuran masif, jumlah koleksi ikan dan hewan airnya pun masif. Berjalan beberapa jam pun sampai tidak terasa, tiap spot pun pantas untuk diabadikan. Belum lagi ada kesempatan 'disapa' sekelompok lumba-lumba dari dalam giant aquarium. Sungguh terasa seperti menyatu dengan mereka. Saat saya berkunjung ke sana, kami merupakan pengunjung rombongan, tidak ada pengunjung lain, jadi super puas."
2014-10,tanty2472,"koleksi ikan cukup banyak dan bervariasi. Panel dinding kaca raksasa membuat kita serasa berada di bawah laut. Saat kami berkunjung ke sana menjelang Halloween Day 2014, anak saya mendapat sekantong coklat dan peta 'harta karun', dia senang sekali. Rupanya obyek ini juga menjadi destinasi wisata sekelompok rombongan anak-anak TK,, di dalam mungkin anda 'dirayu' para petugas untuk berfoto (yang tentunya tidak gratis),,abaikan saja bila tidak tertarik :)"
2015-01,Lylian L,"akuarium ini sangat besar dengan koleksi satwa air yang yang ekstensif. main aquariumnya sangat indah dan besar, sehingga saya merasa seakan-akan sedang berada di dalam laut. jika ke sini, sebaiknya lihat jadwal fish feeding yang sangat menarik."
2014-05,NaRae_888,"akuarium ini memiliki koleksi ikan yang cukup banyak, yang dilengkapi dengan penjelasan yang cukup banyak pula. great aquariumnya bagus banget, membuat kita seperti berada di tengah lautan luas. kalau berkunjung ke sini jangan lupa untuk membawa snack sendiri, mumpung tidak ada larangan untuk makan dan minum di areal aquarium."
2014-09,wanderlustballer,"Bagus, besar dan bersih... bisa foto-foto bersama keluarga karena banyak ikan-ikan bagus sebagai background foto."
2014-11,nta285,"Saya sangat suka dengan aquarium, karena di Jakarta seaworld sudah tidak lagi beroperasi, maka pilihan saya adalah SEA aquarium ini.  Saya kesana waktu weekend hari minggu, banyak sekali pengunjung dari anak - anak sampai kakek - nenek. walau pengunjung sangat banyak, AC tetap terasa sangat sejuk dan saya tidak merasa kepanasan sedikit pun.  Koleksi ikan juga lumayan lengkap dari mulai ikan air tawar yang kecil - kecil sampai ikan air laut yang besar - besar. saya sangat takjub melihat hiu - hiu besar yang belum pernah saya lihat sebelumnya di SEA aquarium ini.  Kebetulan pada saat saya kesana tgl 2 November, ada event Halloween. siapapun boleh berpartisipasi. saya membuat kantong halloween sendiri kemudian berjalan - jalan mencari pos - pos sesuai dengan pentunjuk di peta. setibanya di pos, staff SEA Aquarium memberikan permen, coklat, dan topi ikan pari sebagai kenang - kenangan.  Sungguh kunjungan yg menyenangkan dan menambah pengetahuan."
2014-11,Margareta C,"Kami sekeluarga sangat senang mengunjungi S.E.A Aquarium di Singapore, tempatnya nyaman full AC dan family friendly. Berbagai macam ikan dipajang di aquarium-aquarium yg besar, anak-anak kami dapat belajar dengan mengamati berupa ragam ikan tersebut. Semuanya terpelihara dengan baik, aquariumnya dan lingkungannya bersih sekali. Yang paling spektakuler adalah aquarium raksasa yang katanya terbesar di dunia, rasanya tenang sekali untuk duduk di lantai yang berlapis karpet dan memandangi ikan-ikan yang berenang di dalam aquarium tersebut."
2014-10,Dee_mycoffeelicious,"Anak saya penggemar berat ikan, makanya dia senang luar biasa diajak ke sini. 4D shownya keren, berasa naik kapal Tiongkok beneran di zaman baheula. Aquariumnya guedhe-guedhe, lebih banyak dari Seaworld Jakarta. Ada aquarium khusus buat ikan-ikan unik dan seram, pas dengan event Halloween. Anak-anak dikasih satu ember kecil kaya' goodybag untuk tempat permen dan coklat, dari petugas yang nyempil di dalam area aquarium yang gelap. Kalau mau minta tinggal bilang ""Trick or Treat!"" Asiiiiikkk....:-D"
2014-08,Hand0k0,"Aquarium utamanya sangat besar sekali, bamyak sekali jenis jenis ikannya, cara menampilkanya baik sekali. Baik untuk wisatawan dan anak sekolah."
2014-10,Williamj7310,"Lokasi nya dekat dengan Universal Studio. Ikan nya banyak dan lengkap seperti hiu, lumba-lumba, pari, manta dan lain-lain dengan beberapa kolam besar. Terumbu karang dengan ikannya nya juga bagus dan banyak jenis nya. Tempat nya sangat nyaman dan ber AC. Ngak rugi kalo berlama-lama di sana karena sungguh menyenangkan."
2014-10,Nomadenwoman,Aquarium yang luar biasa. berbeda jauh dengan seaworld di Jakarta. Aquariumnya sangat besar dengan koleksi yang lumayan banyak. Menyenangkan! Anda harus kesini! Beli tiket melalui agen akan lebih murah dan tidak perlu mengantri. Kami beli tiket dengan harga 21 SGD
2014-05,Nialpz,"Wooww Aquarium terbesar didunia (menurut artikel yang saya baca), kali kedua ke aquarium dalam hidup saya (takut sama ikan :p). Memberanikan diri ke SEA Aquarium di Sentosa Island untuk menghilangkan phobia. Pintu masuk dari Vivo Mall searah dengan Universal Studio, dengan membeli tiket masuk yang cukup mahal, maka jalan2 kali ini saya manfaat dgn baik. Banyak pengunjung anak-anak sekolah yang memakai guide, jadi saya jalan berbarengan dgn tour tersebut (lumayan bisa denger penjelasan langsung dari petugasnya). Sebelum memasuk aquarium kita melewati sejarah asia, termasuk Indonesia yaitu Palembang. Aquarium ini cocok untuk keluarga dengan membawa anak-anak karena dari segi edukasi sangat membantu mengenai pengetahuan biota laut dan sejarah negara Asia Tenggara. Setelah keluar dari Aquarium, banyak di jual merchendise dari SEA Aquarium. Selamat Berlibur"
2014-07,agnes_sulistya,"Tujuan utama saya ke Singapura pada liburan kali ini adalah mengunjungi S.E.A Aquarium ini. Dengan harga yg cukup mahal, paket museum dan akuarium dirasa memuaskan. Koleksinya sendiri mirip dengan Seaworld Ancol, Indonesia tapi akuarium ini memang sangat besar dan megah dengan akuarium tiga tingkat. Museumnya juga sangat bagus, interaktif dan dgn penjelasan yg baik."
2014-08,Roby L,"tidak hanya memberikan tontonan ikan-ikan laut saja, namun sebelum kita masuk kedalam aquarium itu, awal mula nya diberikan sedikit sejarah tentang keluatan sekitar asia tenggara, dan ini termasuk tanah palembang/indonesia, boleh sedikit berbangga menjadi warga indonesia.  aquarium nya sangat besar...membuat kita bisa puas memandang ikan-ikan berenang, sangat menyejukan mata. serasa kita memang dekat dengan ikan-ikan tersebut.  banyak hal-hal sejarah lain yang bisa dilihat, dan menambah wawasan."
2014-06,alamanda_2011,"Tempatnya sangat luas, anda bisa menghabiskan waktu seharian disini. Karena saya membawa anak umur 2.5 tahun maka saya memutuskan ke SEA Aquarium. Suasana dan temperatur yang tidak panas membuat anak saya betah disana. Akuarium nya sangat besar dan bersih dengan species ikan yang sangat lengkap. Untuk menuju kesana kami naik cable car yang harga tiketnya hampir sama dengan harga tiket SEA aquarium, lumayan mahal jadinya. Overall, anak saya sangat berkesan kesini dan dia jadi sangat suka ikan hiu dan lumba-lumna hehehe..."
2013-10,Henny K L,"SEA Aquarium merupakan aquarium terbesar yang terletak di Singapore. Tempat nya sangat menarik, nyaman dan edukatif. Binatang laut yang bervariasi dan juga terdapat penjelasan tentang darimana asalnya binatang tersebut. Salah satu tempat yang menjadi favorit adalah aquarium yang sangat besar."
2014-01,minajap,SEA Aquarium punya tempat yang sangat menarik perhatian pengunjung dengan bentuk ruang yang unik dan berteknologi canggih serta aquarium yang unik dan warna lampu yang memukau serta variasi binatang laut dan ikan yang begitu banyak jenis dan berwarna-warni. Negatifnya harganya lumayan mahal tapi terbayar oleh indahnya binatang laut yang kita lihat di sea aquarium
2014-05,Mutia D,Dalam acara liburan bersama anak anak.. usia 3-6 tahun. Wahana baru sentosa. Hampir menyerupai under water world. Tapi terdapat aktivitas air yang lbh lengkap. Tapi karena anak2 kami masih kecil.. kami hanya melihat sea aquarium. Sebelum masuk akuarium kita melewati kapal2 laut dan menonton film 3D. Di dalam akuarium sangat luas dan berjalan cukup jauh. Tp karena suasana dan udara dingin tidak terlalu cape. Tp utk anak2 balita akan lebih baik membawa stroller jadi mereka tdk terlalu cape jalan kaki.
2013-05,Just_Yulie,"S.E.A Aquarium di Singapura terletak di Sentosa Island. Wahana edukatif yang sangat cocok untuk keluarga. Tempatnya sangat luaaas sekali, dan sampai kaki kita pegel buat ngiterin semua areanya. Koleksi satwa air nya sangat beragam sekali dan kita akan berdecak kagum bila datang kemari. Ada aquarium raksasa di dekat pintu keluar, disini kita serasa berada di bawah laut, melihat berbagai jenis ikan berenang dan ditemani dengan suara musik yang mengagumkan sekali. Benar-benar pengalaman yang tak terlupakan."
2014-01,kurniapsari,"Sea Aquarium dengan berbagai spesies ikan dan hewan laut lain didalamnya. saat masuk mungkin biasa saja dengan 1 spesies pada 1 kolam, tetapi terdapat akuarium raksasa sebelum pintu keluar dimana berbagai jenis ikan ditampung dalam 1 kolam yang sama, sehingga terlihat interaksi antar spesies. jalan cukup berliku hati-hati terpisah dengan rombongan."
2014-02,peter,"untuk menikmati sea diperlukan waktu 2-3 jam, sepintas masuk terlihat biasa saja tetapi penataan lokasi aquarium yang bagus menimbulkan decak kagum yang luar biasa. jenis ikan jauh lebih bervariasi daripada aquarium lain. untuk pengujung yang akan ke toilet tidak usah khawatir karena setiap lokasi ada pintu exitnya menuju toilet, karena AC di dalam cukup dingin"
2013-05,ibep,"SEA Aquarium pada dasarnya aquarium besar sama seperti yang ada di ancol, cuma bedanya dia lebih berliku liku. ini sekaligus pesan bagi yang berpergian secara rombongan agar berhati hati terhadap anggota rombongannya agar tak terpisah karena signal HP tidak ada di area ini sehingga akan membuang cukup waktu untuk re group kembali"
2012-11,museum710,"Banyak ikan laut yang ada di sini, ada hiu dari yang kecil sampai yang besar yang dapat dilihat dari atas, samping maupun bawah aquarium"
2013-08,ocie2013,"jika hanya punya waktu luang sehari selama anda berkunjung ke singapura, sebaiknya anda ke pulau sentosa,anda bisa bermain ke universal studio dan jika belum puas anda bisa lanjutkan dengan mengunjungi Sea Aquarium yg letaknya sangat dekat, cukup berjalan kaki sj, harga tiketnya cukup murah, sangat edukatif, koleksi biota lautnya beragam, ada penjelasan di tiap2 aquarium, tidak boleh memotret dengan flashlight,tdk diperbolekan makan, sayangnya tak ada koleksi yg bs berinteraksi langsung dengan pengunjung...souvenir yg dijual lumayan mahal...anda bisa melihat pertunjukan ttg admiral cengho setelah selesai menikmati aquarium."
